group_id,split_strict,strata,n_clips,gender_group,ethnicity_group
-10-QQDO_ME,test,2|2,3,2,2
-IK--4uz5ZY,test,2|2,4,2,2
-KtFfRqPFXA,test,1|2,1,1,2
-R2SZu3SYgM,test,2|2,5,2,2
-RqxrwIxMvE,test,2|2,2,2,2
-Wqk9eex6bQ,test,2|2,6,2,2
-agCXYgb7pI,test,1|3,4,1,3
-m5QCnnp-vI,test,2|2,1,2,2
-utrsarZeIY,test,2|2,2,2,2
-wO0oBNlEvY,test,2|2,1,2,2
-zNyDPzId4E,test,1|1,3,1,1
0FVu7VKIg2s,test,1|2,1,1,2
0ObEtA6Q8vU,test,2|2,5,2,2
0SS47KwVOQ4,test,2|2,2,2,2
0hWbtuRVUgM,test,1|2,2,1,2
0iXXdsO95O0,test,2|2,1,2,2
0tse0Fsy_rg,test,2|3,5,2,3
176vWywoq9E,test,1|3,5,1,3
1DCnIad1Y0w,test,1|2,2,1,2
1Lv72Si4GnY,test,2|3,2,2,3
1S0SxmfbOus,test,2|2,2,2,2
1XkKu4LBvog,test,1|2,2,1,2
1XqMZQu_pP4,test,2|3,4,2,3
1cqwKxx6GF8,test,1|2,3,1,2
1jC4vsQsjwM,test,1|2,4,1,2
1m4WjLRKTwc,test,2|2,1,2,2
1m67onLoRwY,test,2|3,3,2,3
1mODTfLRGdI,test,2|2,4,2,2
1pMNczHCXPc,test,2|2,1,2,2
1wWMWbl6ILg,test,2|2,1,2,2
1yIGI42lzak,test,2|2,6,2,2
2IwWILRuuNU,test,2|2,3,2,2
2P1FbMJLUAs,test,1|2,3,1,2
2WuhWF4fAOQ,test,2|3,6,2,3
2bAsXLQjlt8,test,2|2,6,2,2
2c42A4Z7qPE,test,2|2,3,2,2
2q7ZwMoPvok,test,2|2,1,2,2
39o1zJFeM7E,test,1|2,5,1,2
3HA2W1s4oP8,test,1|2,5,1,2
3JAFkk42zPs,test,1|2,4,1,2
3P_D_bd-_NM,test,1|2,5,1,2
3Sj-GZ3YXWs,test,1|1,6,1,1
3b9fhd-EDaY,test,1|2,3,1,2
3g6Ab-BIbR4,test,2|2,2,2,2
3pJZOCtAzYE,test,1|2,1,1,2
3tPq9fNOXZQ,test,2|3,6,2,3
4CSV8L7aVik,test,1|1,3,1,1
4KD3XCMsIBs,test,2|2,2,2,2
4RoZPrjRQZE,test,1|2,1,1,2
4T9UUWWRE94,test,2|2,3,2,2
4ZlcaXadwlo,test,2|2,6,2,2
4lIbWq27O84,test,1|2,6,1,2
4vJ69g7gAH4,test,1|2,5,1,2
51hGkzvYP00,test,2|2,1,2,2
53QFyec0uN0,test,2|2,4,2,2
59Smv7wl--w,test,1|2,5,1,2
5BPGRteF64Y,test,1|2,6,1,2
5KHOpRCxnwQ,test,1|2,2,1,2
5kaqMZ7SB9w,test,2|2,2,2,2
5uFZ-2kYGO0,test,2|2,1,2,2
5xA5iKk4v6w,test,1|2,1,1,2
62ngcaBjRCY,test,2|2,1,2,2
6EMgu2djYrU,test,1|2,5,1,2
6NHEp_CF2jE,test,2|2,1,2,2
6RwVJK3husE,test,2|2,4,2,2
6tyhnIgNVs8,test,2|2,1,2,2
6uqXoPJSoPg,test,1|2,6,1,2
7-7qX0heWkg,test,2|3,1,2,3
75XbCb7G8kw,test,1|2,4,1,2
79xbT95IyKI,test,2|2,1,2,2
7LHmNEH65Pk,test,2|2,5,2,2
7QeVs-mXmcI,test,2|2,1,2,2
7TvOygqwNuE,test,1|3,1,1,3
7gXF3MVPXPU,test,2|2,1,2,2
7knYNR1tAig,test,2|2,3,2,2
7nJPNkWZDOY,test,2|1,3,2,1
7pLWTfnOSIU,test,1|2,2,1,2
7qGYGbIg45c,test,1|2,6,1,2
84emxO86qa8,test,2|2,4,2,2
87r3cLkrw4A,test,2|2,3,2,2
8OGiv7FetSQ,test,2|3,6,2,3
8OckVmEZ8X8,test,1|2,6,1,2
8PXQ_5tUv74,test,2|2,6,2,2
8aLr0vNobr4,test,2|2,3,2,2
8dVcA5J1Dcw,test,1|2,2,1,2
8gvBbE6iZNo,test,1|2,6,1,2
8hW6WfYBP18,test,2|3,6,2,3
8nt2PL_p-Io,test,2|2,1,2,2
8py6SksNsZQ,test,1|2,6,1,2
8qG1sMihtPA,test,2|2,6,2,2
8z-WF2UNRb8,test,2|2,1,2,2
93bQfdes68U,test,1|2,1,1,2
9CPKW0sqR3E,test,1|1,6,1,1
9DKE8426js0,test,2|2,1,2,2
9Lbj3wpwk-c,test,1|2,5,1,2
9NS6CgxJCGM,test,2|2,2,2,2
9UWCHrG5mys,test,2|2,4,2,2
9c66Lb7e1BQ,test,2|2,3,2,2
9cHxDnk6SUs,test,1|2,6,1,2
9cj8rrj1wSk,test,1|3,5,1,3
9kEyN8a76j4,test,2|2,2,2,2
9xJ0rFCU-OM,test,2|3,3,2,3
A0braVJH3Pw,test,1|2,6,1,2
A29hMesGCEI,test,2|2,2,2,2
AFQz-qy0FkY,test,2|2,2,2,2
AJIphVRpYrg,test,1|2,6,1,2
APqMkruLkoE,test,1|2,3,1,2
AS8snUf9eX0,test,1|2,4,1,2
ASDpn9yOYAo,test,1|2,3,1,2
AV7aKrAs-kM,test,1|2,1,1,2
Alox0G4xUfM,test,2|3,2,2,3
Ap2KC1yKDdA,test,2|2,1,2,2
ApCq0dwH1Ak,test,2|1,1,2,1
As93GgkTdt4,test,2|2,5,2,2
AwNVGShHjvw,test,2|3,5,2,3
Ay7bZ7Sgx9Q,test,2|2,6,2,2
B3VQeeev0r0,test,2|3,3,2,3
B4ducm9sydg,test,1|2,6,1,2
B9NSU6gQdRw,test,1|2,2,1,2
BA5qWO9eU2Y,test,2|2,1,2,2
BCNZ_j_kMB4,test,2|2,1,2,2
BLwgxAWf7cg,test,2|2,3,2,2
BSfClgoqf00,test,2|2,1,2,2
BStHNKV820Q,test,2|2,5,2,2
BfTaDQvantk,test,2|2,1,2,2
Bi3XVSF4rac,test,1|2,1,1,2
C47tB5JmEqQ,test,2|2,2,2,2
C5qRszPK9HY,test,2|2,5,2,2
C9W-AEBcQzo,test,1|2,2,1,2
CFK8ib0aWe8,test,2|2,6,2,2
CGfr9jl8w4Y,test,2|2,6,2,2
CV930dFsubs,test,1|2,5,1,2
Cl5jhuLQ9Dg,test,1|2,6,1,2
CpmR-91GxmY,test,2|2,6,2,2
D0dE-lErszk,test,2|2,1,2,2
DLuwObrDhtc,test,2|2,3,2,2
DXw4lVoiiWY,test,1|2,6,1,2
D_FGBb-1B1o,test,2|2,4,2,2
DbNFwVi_61Q,test,2|2,1,2,2
DcVwxxbKGF4,test,1|2,2,1,2
DfpKVl9Zpdg,test,1|2,5,1,2
DnTtbAR_Qyw,test,2|2,5,2,2
DxATjKPysfs,test,2|2,2,2,2
DyZlhseSuec,test,1|2,5,1,2
E6OBPHKkm6U,test,1|2,1,1,2
E6rptSS3kP4,test,2|2,1,2,2
EX3i4IMY1Pw,test,1|2,2,1,2
Ea0UKBPCm3Q,test,2|3,2,2,3
Eb-2m44jTEs,test,1|2,2,1,2
EeI8iXLDfc0,test,1|2,5,1,2
EfQUV-C-YrU,test,2|2,2,2,2
Eh7WRYXVh9M,test,2|2,2,2,2
EiXQ9RErt6c,test,1|2,5,1,2
EknEAPhAjdA,test,2|2,6,2,2
EmGTj1DRMbo,test,2|2,4,2,2
EqTB9rAC-tA,test,1|2,1,1,2
EvZ0esZgPK4,test,2|3,2,2,3
F0_EI_X5JVk,test,1|2,6,1,2
F2v55oUN-4w,test,2|2,1,2,2
F4yC1_n6ApY,test,1|2,2,1,2
FGkS4vJYOpM,test,2|2,6,2,2
FQMmM3TL5rE,test,2|2,3,2,2
FcR9VhCxBb0,test,2|2,4,2,2
Ff0WqsFl-1s,test,2|2,2,2,2
Fi1ILrwQpSY,test,1|2,5,1,2
FkuwzJcoRVI,test,2|2,6,2,2
FogaU_yB9aY,test,2|2,2,2,2
FrOxqNe6sAU,test,1|2,1,1,2
G7hYffrZ1Hc,test,1|2,5,1,2
GBp9YtOw_eQ,test,1|2,1,1,2
GWOtluILlk4,test,1|2,4,1,2
GaUs3UUUtmw,test,2|2,3,2,2
Gk94xrcmFts,test,2|2,6,2,2
GntxKkVigvE,test,2|2,1,2,2
Gomd4Y8-D2Q,test,1|2,2,1,2
Gs-AdRcYSPo,test,2|2,4,2,2
Gvdh94z-SoM,test,2|3,5,2,3
H523MhINmbA,test,1|3,1,1,3
HNKnvSmTkC4,test,1|2,3,1,2
HUxtuDE-YNE,test,1|3,2,1,3
HWuh0biZQ_c,test,2|2,5,2,2
HX-3jJdK7HM,test,1|2,3,1,2
HwZlfygV2eU,test,2|2,1,2,2
IPjl2LdPMn0,test,1|2,3,1,2
IQdz0Pd-L2Y,test,1|2,6,1,2
IV01x2GS61g,test,1|2,5,1,2
IWAT58l2Chg,test,2|2,1,2,2
If96Xniy6Go,test,2|2,1,2,2
Isa3WdmciZQ,test,2|2,1,2,2
It0-yCwOc5k,test,2|3,6,2,3
ItkIHtgVhIk,test,1|3,5,1,3
J8N2OCqM6N0,test,2|2,4,2,2
JBiq9X_-r84,test,1|2,6,1,2
JEhC58vobs4,test,2|3,2,2,3
JJs_HTelie4,test,2|2,2,2,2
JN_LH6fs868,test,2|2,1,2,2
JRqhE9jsamU,test,1|2,1,1,2
JVzG-zy9CO0,test,1|2,1,1,2
JlMPF03b8SM,test,2|2,1,2,2
Jv2lyDcOmEM,test,2|3,5,2,3
JxxF9y61ujA,test,1|2,5,1,2
K5WDz2jxtuI,test,1|2,1,1,2
KH1PIMlztec,test,2|2,1,2,2
KM6Nc_VipyQ,test,2|3,4,2,3
KafUbLs_Fl8,test,1|2,1,1,2
KahSwziq8F0,test,2|2,5,2,2
Kbcvurfuvhk,test,2|3,5,2,3
KfurkMyjD-c,test,1|2,6,1,2
KiM9P_FJVHg,test,2|2,2,2,2
Kmrd1MsZKmQ,test,2|2,5,2,2
KppCIwj0hC4,test,2|2,3,2,2
L4Jlm0vGsvc,test,2|2,4,2,2
L5PkZA1ErYY,test,2|3,5,2,3
LBKbubsgpE8,test,2|2,6,2,2
LGPm8ok6kVo,test,1|2,3,1,2
LNM1i-a9q_A,test,1|2,3,1,2
LP5N5uPfTdA,test,1|2,3,1,2
L_gmlaz-0s4,test,1|2,6,1,2
LaxnVuOM6kE,test,1|2,1,1,2
LeQKH1vAVpg,test,1|2,6,1,2
LsqAIHhFpLE,test,1|2,1,1,2
Lz3suTodXQM,test,2|2,2,2,2
M39PNQ8Omhc,test,2|1,3,2,1
M56UFrEgXnI,test,2|2,3,2,2
M5_x5J-H2I0,test,2|2,3,2,2
MD9yyz-OSRs,test,1|2,4,1,2
MDTC4y4ZrSM,test,2|3,1,2,3
MVwxnf6L8po,test,2|2,1,2,2
MbufNmC0JL0,test,1|2,2,1,2
MlBwEhjftAw,test,1|3,1,1,3
N0s2M3bJkUk,test,2|2,4,2,2
N7oR6_oMBFk,test,1|2,5,1,2
NDBCrVvp0Vg,test,2|2,2,2,2
NDC375coN1o,test,1|2,6,1,2
NOrjfF0-pQ4,test,2|2,3,2,2
N_PICgkFxAM,test,1|2,1,1,2
NoHext7JXYU,test,1|2,5,1,2
NpMRzuRmeDQ,test,2|2,1,2,2
Nv0-x4K9YFI,test,1|2,6,1,2
NvJ4jRPUuS0,test,1|2,1,1,2
NvwD448H-40,test,2|2,1,2,2
O7h-kf7hPIU,test,2|2,3,2,2
O8L2pHEIcuo,test,2|2,2,2,2
OD3cfWeJaOY,test,2|2,5,2,2
OLFhKCgexRU,test,2|2,6,2,2
OMTlpgrJYFk,test,2|2,1,2,2
OcS4H_dFeOc,test,1|2,3,1,2
OeGMd58Wgsk,test,1|3,3,1,3
OugdInDyt9s,test,2|2,4,2,2
P2T93mqAsWk,test,2|2,1,2,2
P6CH9Q2wH24,test,2|2,1,2,2
PHUlL5ZzX5U,test,1|2,5,1,2
PJxgOFaaUZM,test,2|2,2,2,2
PK0EPT3k4RM,test,2|2,1,2,2
PKYh4sungwI,test,2|2,2,2,2
PReOtefm17s,test,1|2,6,1,2
PSFLaQYVg1I,test,2|2,1,2,2
PWM-bKcs2p8,test,1|3,6,1,3
Pc-oQQwkIv8,test,1|2,6,1,2
PgpMUHH8lEI,test,2|2,6,2,2
PmJw3uI1qBE,test,1|2,1,1,2
PoVizBmIHy0,test,1|2,1,1,2
PooFvZH6fK0,test,1|2,4,1,2
PsqpkFKX8co,test,2|2,5,2,2
PyPFJWirPjs,test,1|2,3,1,2
Q9B3SJkH2Q8,test,1|2,3,1,2
QBZieJiOl1w,test,2|1,6,2,1
QDd2AfQEAqs,test,2|1,1,2,1
QKcx5msA7iA,test,2|2,6,2,2
QKlawwZQK9M,test,2|2,2,2,2
QQzeQOoqO20,test,2|2,3,2,2
QV4TV3aHxfE,test,1|2,1,1,2
QXFRE_pjrAE,test,1|2,6,1,2
QlkTEWrSCBs,test,1|2,1,1,2
QpA0gj1y6KE,test,2|2,2,2,2
Qzu9b49qvKo,test,2|2,3,2,2
R-qB2FX7ZbE,test,2|2,3,2,2
R2LlBNLDOeg,test,2|2,1,2,2
R42dmIPCXwo,test,2|2,4,2,2
RW4a2ERzTO8,test,1|2,2,1,2
RZOimXPTG0s,test,2|2,4,2,2
RhFPotjd0hM,test,1|2,5,1,2
RhSWpef2e6s,test,2|2,1,2,2
RlUuWWWFrhM,test,1|2,2,1,2
RlaaCqle7tY,test,1|2,3,1,2
Rp_gyvKE4hI,test,1|2,6,1,2
RuRn2t7iPSc,test,2|2,5,2,2
Rw_ZLT9vZTI,test,2|2,3,2,2
S-e9-bW4seo,test,1|2,6,1,2
S1AEj1kO5dc,test,1|2,6,1,2
S4H50iotXF0,test,1|2,1,1,2
SFHklR7lWCA,test,2|2,1,2,2
SFRis1tTZWk,test,2|1,3,2,1
SGnhyxlbqaE,test,1|2,2,1,2
SPD5fXHVyIk,test,2|2,5,2,2
SRjhmQTPOmA,test,1|2,6,1,2
SbtIS7XwkLU,test,2|2,2,2,2
SfldZBPyPFo,test,2|2,6,2,2
SyaRn3MHEIE,test,2|2,2,2,2
T1_6sVNHG70,test,1|2,6,1,2
T6CMGXdPUTA,test,2|2,5,2,2
T8ibN-b3h7Y,test,2|2,2,2,2
TD2jIXMD-SM,test,2|2,6,2,2
TEGJrmNFvXY,test,1|2,4,1,2
TNjEJGdqmH0,test,2|2,6,2,2
TNtcyfM9jak,test,1|2,6,1,2
TPRQyuiNYmI,test,1|2,5,1,2
TPk6KiHuPag,test,2|2,4,2,2
TQHzCznQ14Y,test,2|3,4,2,3
UCKiPkp4ZkA,test,2|2,2,2,2
UQeuBvZNusI,test,2|2,6,2,2
US4PxgfKDeA,test,2|2,6,2,2
UVMEzA3yHsM,test,1|2,3,1,2
UvX6ctu2ObM,test,1|2,3,1,2
V1TjmLtgNm0,test,2|2,5,2,2
V8PSAROGbZM,test,2|2,1,2,2
V9roK_mLM-w,test,2|2,6,2,2
VA5XjOaBH0Y,test,2|3,1,2,3
VForU0EmBr0,test,2|2,6,2,2
VIKk25Ozx40,test,1|2,2,1,2
VM409fZmJE0,test,1|2,1,1,2
Vj-Cmtqv_qY,test,2|2,3,2,2
VoPuhcQc_mg,test,2|2,6,2,2
VtYPH6UsVnU,test,1|2,5,1,2
VvSk5m90xOs,test,1|2,4,1,2
Vwdi8vyTAUg,test,2|2,1,2,2
W7BbL3NZvrU,test,1|2,4,1,2
WD1WsbooU2w,test,1|2,6,1,2
WTzDOt2GO1M,test,1|2,6,1,2
WWdCfiraNQk,test,2|2,1,2,2
WeyuzDseGg4,test,2|2,1,2,2
WfZodMIIGR0,test,2|2,3,2,2
WuHLxhCSnGs,test,1|2,5,1,2
WuoQDp7pU24,test,1|2,5,1,2
X9AEEGzWSU8,test,1|2,5,1,2
XB4JOAiEanw,test,2|2,1,2,2
XLV7teADu3c,test,2|2,2,2,2
XN5vpJU3ifw,test,2|2,6,2,2
XRoSKIIFp9c,test,1|2,4,1,2
XT4rTk6-Etc,test,1|2,5,1,2
XfUqFt2amrM,test,2|2,4,2,2
XmWA7zTJj-c,test,2|2,2,2,2
XndWJ1ieKwY,test,1|2,1,1,2
Y-YdRocu0os,test,1|2,2,1,2
Y1LrgyCJtpU,test,1|2,6,1,2
Y8gv_ZK3w4A,test,2|2,5,2,2
YBsKLg3GMrE,test,1|2,2,1,2
YHpEi96AY9w,test,1|2,1,1,2
YN0Xd70SqEo,test,2|2,2,2,2
YXz6s1XNOLs,test,2|2,4,2,2
YryBLVZgJj0,test,1|2,5,1,2
YzNbGMNr3z0,test,2|2,1,2,2
Z6vQQvro86Y,test,2|2,5,2,2
ZCLfVue6xAg,test,2|3,5,2,3
ZGox7tevC6A,test,1|2,6,1,2
ZHya-p83XPQ,test,2|3,2,2,3
ZMOcuCj-86c,test,1|3,1,1,3
ZT7cEiaYGp8,test,2|2,3,2,2
Zcw2LevK-EY,test,1|3,1,1,3
ZgFh3JPMs3Q,test,2|2,4,2,2
Znixev2a1AI,test,2|2,4,2,2
_S_bWJwqsmM,test,2|3,2,2,3
_VsE38xSmdM,test,2|2,2,2,2
_ZjEr8ybbFM,test,1|2,2,1,2
_hmiW83i0GY,test,1|3,1,1,3
_lQinJGE7Qs,test,2|2,1,2,2
_mvqVnzddCw,test,2|3,3,2,3
_tOtBfJlWFs,test,1|2,1,1,2
_ztmNiy8D3c,test,1|2,4,1,2
a84s1DYag-I,test,2|2,6,2,2
a97PXgrKSxo,test,2|2,6,2,2
aL0oPOOeoB8,test,1|3,1,1,3
aMPe0uSKqF4,test,2|2,5,2,2
aPTNxA43WHY,test,2|2,3,2,2
aQVGVhcMBtE,test,2|3,3,2,3
aaylz9A9K80,test,2|2,2,2,2
aenedH_X3Us,test,1|2,1,1,2
ahqyOhg6D7c,test,2|1,2,2,1
ana5C73n9bY,test,1|2,6,1,2
aqK-wcGILjw,test,1|2,1,1,2
auhe41Tf50M,test,1|1,2,1,1
b-qfeGqPd04,test,1|2,5,1,2
b69IYs1G1zc,test,2|2,3,2,2
bLOSPQ8MAC8,test,1|2,5,1,2
bLrrDM1Opu0,test,2|3,2,2,3
bRoIrXBO9DU,test,2|2,2,2,2
bTLTLzXehPE,test,2|2,3,2,2
bcRPLKygrNk,test,2|2,6,2,2
bcx6xr9Ja-8,test,2|2,6,2,2
bj9kSmBeQRg,test,2|2,2,2,2
blAjqQ0ja8Q,test,1|1,5,1,1
bviHajVIie0,test,1|2,2,1,2
c4YxfATgYkw,test,2|1,1,2,1
c672aEuUa-g,test,2|2,5,2,2
cOossY5pTrU,test,2|2,4,2,2
cSyVbIYfwxA,test,2|3,1,2,3
cWZudzeJVXg,test,2|2,5,2,2
cXqH7_dYM_k,test,1|2,1,1,2
cgGCyBMdGrA,test,1|2,4,1,2
cgT-3CHBmKs,test,1|2,6,1,2
cpch8WDydcM,test,2|2,1,2,2
cpzY1b6wJqs,test,2|2,3,2,2
cvHqtadNJDo,test,1|2,3,1,2
cvg03XGFjCk,test,2|2,5,2,2
d69zeSpdyCI,test,2|3,2,2,3
d9ekvXz64Mc,test,2|2,2,2,2
dB2XYhvqUBU,test,1|3,6,1,3
dRYEzqUa_Rc,test,2|2,1,2,2
dVbo9Ftlyl0,test,1|2,2,1,2
dY7jG5gS3JE,test,2|1,1,2,1
dgoc29MVjfE,test,2|2,1,2,2
duEi37qVB7k,test,2|3,1,2,3
e2pnS_nT9rA,test,1|2,2,1,2
eCoEQ_R5C3U,test,1|3,1,1,3
eFzN_frNW8g,test,2|2,6,2,2
eT3BERfkCBE,test,2|2,3,2,2
eZwGkhUa0TQ,test,2|1,4,2,1
edHTGYBFCWQ,test,2|3,2,2,3
eqXrUXW4yHY,test,2|2,3,2,2
ev42vngXERU,test,1|3,3,1,3
f0LnGz5Z6kA,test,1|2,3,1,2
f39E4ct09Cc,test,2|2,4,2,2
f5jPfJYvihA,test,1|3,1,1,3
f7E26XfU8rw,test,1|2,4,1,2
f7togdqxEoo,test,2|2,6,2,2
f83xK4chMJs,test,1|2,1,1,2
f8eU5Pc-y0g,test,1|2,1,1,2
fPLd_NLF43M,test,2|2,1,2,2
fUIWjaZCYwM,test,1|2,3,1,2
fUf2XzWpSVo,test,2|2,3,2,2
fhUGU2uiS1U,test,2|2,3,2,2
fiVkE3iDWY4,test,2|2,3,2,2
fmjILOLc3eg,test,1|2,2,1,2
fsaslN7xV-w,test,2|2,6,2,2
fv5lLeyRdd4,test,2|2,5,2,2
g0PWBzU95sI,test,1|2,5,1,2
g1TMjzZH8bw,test,1|2,5,1,2
gJMH7pfz-14,test,2|2,1,2,2
gSCurvS_vWU,test,1|2,1,1,2
glgfB3vFewc,test,2|2,5,2,2
gq0yaEv6gSE,test,1|2,3,1,2
h9jIdLBaMEo,test,2|2,5,2,2
hF3yR5rmga8,test,2|2,3,2,2
hIxLNK_x_QA,test,1|2,5,1,2
hK5lmI9pwck,test,2|2,2,2,2
hPguTv1Zvg8,test,1|2,6,1,2
hT83GkLYIFs,test,2|2,2,2,2
haxhAfuccuE,test,1|2,1,1,2
heE4ZZXwehI,test,1|2,6,1,2
hjQpiGBO1Ao,test,2|2,1,2,2
hl70w5drc_4,test,1|2,2,1,2
hqe-8SMJGmc,test,2|2,6,2,2
htH89DBizno,test,1|2,6,1,2
i1cAYtXA2Xs,test,1|2,2,1,2
iAgu-wDe2MQ,test,2|2,3,2,2
iPblZBQpafs,test,1|2,5,1,2
iXaqqRE76lI,test,2|2,3,2,2
ibawV2tqKug,test,1|2,6,1,2
in-HuMgiDCE,test,1|2,6,1,2
iqs7mZbg5UI,test,2|3,6,2,3
isaP2l3rlBQ,test,1|3,4,1,3
ivcVlDXJCDo,test,1|2,4,1,2
ivecmGb711M,test,1|2,1,1,2
j08b_trEQrU,test,1|2,1,1,2
j0dnDXTyUBA,test,2|2,1,2,2
j3jdT1V-DeI,test,2|2,6,2,2
jDdRrqRcSzM,test,1|2,3,1,2
jOTlJwOBSd4,test,2|2,5,2,2
jVGTEDAYWZ8,test,1|2,3,1,2
jZl3Rq1MRQg,test,1|2,3,1,2
jd9_8OPxM3A,test,1|2,6,1,2
jpPZVmzleAo,test,2|2,5,2,2
jwbHWwySJW8,test,2|2,2,2,2
k1eXxMAfnIY,test,2|2,1,2,2
k7-dMNJDc-w,test,1|2,1,1,2
k99PI3FGEj0,test,1|2,2,1,2
kK4QL7pOrhs,test,2|2,4,2,2
kK534gUcRF4,test,1|2,3,1,2
kL-CeaXG9jM,test,1|2,5,1,2
kPife9TY9Pw,test,2|2,2,2,2
kQ8HhrysfaA,test,1|3,3,1,3
kyq-X4IFMtw,test,2|3,2,2,3
kzDQXSGGomg,test,2|2,3,2,2
l1V-DuJ-WgU,test,2|2,4,2,2
lAJWoIcgXlU,test,2|2,3,2,2
lCWWjATDrRM,test,2|2,1,2,2
lKePJbjYiy0,test,2|2,3,2,2
lLWOcztaIBI,test,1|2,6,1,2
lNG_XdqMf0g,test,2|2,2,2,2
liRQoL7SsPw,test,2|2,3,2,2
ll_chn4R32Y,test,2|3,1,2,3
lyZZSU1ziCQ,test,1|2,6,1,2
m04e9ylCoK0,test,2|2,4,2,2
m2uxFfpb5xU,test,2|2,6,2,2
m536hegSuKI,test,2|2,2,2,2
m7zdWVDT-34,test,2|2,6,2,2
mFz5Fbs97QA,test,2|3,6,2,3
mIcktEhNxRo,test,2|2,1,2,2
mMNjlGNWsZA,test,2|2,2,2,2
mXaI17Dx7u0,test,2|2,5,2,2
me9kzWYVEoI,test,2|2,1,2,2
mf0LqiLJYr0,test,2|2,1,2,2
mhvkJjOAjYI,test,2|2,3,2,2
mkJjaOADfj4,test,2|2,5,2,2
mlXZQ8dO0nQ,test,2|2,5,2,2
myhEW1aZRg4,test,2|2,1,2,2
n0acEDmc0mA,test,1|2,3,1,2
n6JNJurop2U,test,2|2,4,2,2
n9eruV15f3o,test,1|2,1,1,2
nB-fPmvZg3U,test,1|2,3,1,2
nClvfVFYzbM,test,1|2,4,1,2
nDcl8Jo2tYg,test,2|1,1,2,1
nIwFocnmRFY,test,1|2,3,1,2
nOFHZ_s7Et4,test,2|1,4,2,1
nfN9qJSVank,test,2|2,5,2,2
ng42eoHytOA,test,1|2,6,1,2
nmZRXxKPPuQ,test,2|3,5,2,3
nndDX4RgU1w,test,2|2,6,2,2
nvlqJbHk_Lc,test,2|2,4,2,2
o5eCmKiomvo,test,2|2,4,2,2
o6JCQlOC3oE,test,1|2,5,1,2
oANKg9_grdA,test,2|2,2,2,2
oBE9f5xD9rk,test,2|2,4,2,2
oGa05H9UXxU,test,1|3,3,1,3
oYiWW-Qc0rs,test,1|2,6,1,2
o_kTWEEjtyw,test,1|2,5,1,2
obr7ktzX8w8,test,2|1,4,2,1
odHogR_36Dc,test,1|2,3,1,2
odRqijkG28U,test,2|1,4,2,1
okSmKH2k5lE,test,1|2,4,1,2
oontew1LiUU,test,2|2,5,2,2
p-OcwNFQB0U,test,1|2,6,1,2
p7-JUvStF4w,test,2|2,6,2,2
p7aNK5GKwEc,test,2|2,1,2,2
p8ce3grr9XE,test,2|2,1,2,2
p9tAC-RqZPI,test,1|2,3,1,2
p_wf-KszNlk,test,1|2,1,1,2
puJ_NbKzRTE,test,2|2,1,2,2
q5eIfoGdPWw,test,1|2,1,1,2
q6au1xn_wIE,test,1|3,2,1,3
qCFFW1dM8V8,test,1|2,6,1,2
qj-3b8snKho,test,1|2,1,1,2
qoztP0w5-Vo,test,1|2,6,1,2
qssXr_Fg96o,test,1|2,2,1,2
qtB-CogljAo,test,1|2,6,1,2
r1v6EmZv7-o,test,1|2,5,1,2
rCxlfusNJlY,test,1|2,5,1,2
rGTn2uaCAT0,test,2|2,4,2,2
rNDxXRvuSDg,test,1|2,1,1,2
rqfvIjzegpI,test,2|2,4,2,2
rvB9DYAKHpk,test,1|2,3,1,2
s0MKUEnyHSE,test,2|2,2,2,2
s6N1pv5lzrU,test,1|2,4,1,2
sBHv1jYmZQE,test,2|2,3,2,2
sBw7VHQ74SY,test,2|2,1,2,2
sC2k2CD1jC0,test,1|2,1,1,2
sHVXhr7_EOs,test,2|3,6,2,3
sPMNhG1Sehc,test,2|3,4,2,3
sRuO_Fz3eog,test,1|2,1,1,2
sSYCMN-WHmI,test,2|2,1,2,2
syTTeox8Yaw,test,1|2,4,1,2
t9wFHk9TM-U,test,1|2,4,1,2
tcmYlyeqwuI,test,2|2,5,2,2
tvKUJujTUEo,test,1|2,6,1,2
txU8yE9d-4k,test,2|2,6,2,2
u0NIAbS0mDM,test,2|2,1,2,2
uCJNAX_b9mc,test,1|2,3,1,2
udn-L92wdn8,test,2|2,1,2,2
uqd_cEJMJ4o,test,2|2,2,2,2
usG6pVxbQkw,test,1|2,6,1,2
uxTxqewSuxg,test,2|2,1,2,2
v0jtovM6Ajg,test,2|2,2,2,2
vE9XgQL7DGE,test,1|2,4,1,2
vHIBCKwJLEY,test,2|2,4,2,2
vJDx6TCX32M,test,1|2,4,1,2
vNZJSHliTR4,test,2|1,1,2,1
vYkHHVeNK_M,test,1|2,6,1,2
vZpneJlniAE,test,1|2,1,1,2
vp9p1osOaLI,test,2|2,6,2,2
w0CQ55sKmck,test,2|2,2,2,2
w2FKw8IhbFw,test,1|2,2,1,2
wAl_Pm7xG3A,test,2|2,1,2,2
wBCSJVBr4ZE,test,1|2,6,1,2
wFZJ3gTKwwM,test,1|1,2,1,1
wK_ExIjn5Q8,test,2|2,5,2,2
wVpjBxCirAQ,test,1|2,6,1,2
wXLL0teBlvs,test,2|2,1,2,2
wsBrLt5coeM,test,2|2,1,2,2
wy1szFSVpEI,test,1|3,3,1,3
wzCdM6Fe_4A,test,2|3,5,2,3
xBiI0Oo1vBw,test,2|2,2,2,2
xRhUBifOWiI,test,2|1,6,2,1
xYXVkQOmSfk,test,1|2,3,1,2
xZ9iwqHw7GY,test,2|2,3,2,2
xcMwMi4fdis,test,2|3,5,2,3
xotlPVnG05U,test,2|3,1,2,3
xq0-QVHxp-Q,test,1|1,4,1,1
xtDw9TlWiww,test,1|2,5,1,2
xun35caJTQI,test,1|2,5,1,2
xvLi31p57oA,test,1|2,1,1,2
y1e8xPAaL9k,test,1|2,2,1,2
y2UF49ddapI,test,2|2,3,2,2
yAVnxsaTyuE,test,1|2,1,1,2
yFZ3eUD6Pqs,test,2|2,6,2,2
yHwuRYr5lxk,test,2|2,6,2,2
yIe7Rp54-bU,test,2|2,4,2,2
ygUEI08LgcM,test,2|2,4,2,2
yzgA9oAEgI4,test,2|2,2,2,2
z54OqeICELg,test,2|2,5,2,2
zFVjcb45pjI,test,2|2,5,2,2
zRevZ94Rxjc,test,2|2,2,2,2
zWetcoNHgrQ,test,1|2,1,1,2
z_W8_j7CB2A,test,1|2,2,1,2
zpLiIVF0x7U,test,1|2,1,1,2
zrdxHERn628,test,2|2,1,2,2
ztyBhnjtrz0,test,1|2,5,1,2
zupxsNi2er8,test,1|2,5,1,2
--Ymqszjv54,train,1|2,5,1,2
-2qsCrkXdWs,train,1|2,1,1,2
-4J4xkfN5cI,train,2|2,2,2,2
-55DRRMTppE,train,2|2,2,2,2
-5riMLK-PgU,train,1|2,1,1,2
-6otZ7M-Mro,train,1|2,6,1,2
-8asrRvfJWA,train,2|3,4,2,3
-9BZ8A9U7TE,train,2|2,4,2,2
-BDSWZIF-WY,train,1|2,1,1,2
-C5M9g4Quzc,train,1|1,1,1,1
-DOqN0d8KHw,train,2|2,6,2,2
-Gl98Jn45Fs,train,2|2,4,2,2
-N6QKrbnaDs,train,1|2,6,1,2
-NwfYYf5xLo,train,2|2,2,2,2
-OXMbG7ZwRk,train,2|2,4,2,2
-Osv5l1vrNU,train,1|3,2,1,3
-PF2TG2loGc,train,1|2,1,1,2
-RhPxhfpg4U,train,1|3,4,1,3
-VTqcHNgH7M,train,2|2,6,2,2
-ZP25UpJeJ4,train,1|2,1,1,2
-aU2FN5pkWA,train,2|2,3,2,2
-c_tyGzShwk,train,2|2,1,2,2
-fqiCqZtgYs,train,1|2,5,1,2
-mt-IKgGhuY,train,1|2,2,1,2
04oq2yrBwMg,train,1|2,6,1,2
0C6i34q2-f8,train,1|2,3,1,2
0D7W2pR4RpQ,train,2|2,1,2,2
0G2o3fik36I,train,1|2,3,1,2
0G9vplL8ae8,train,1|2,3,1,2
0QTR0WiJSNk,train,1|2,3,1,2
0RLFM1ehSFM,train,1|3,1,1,3
0Wr69VD_oXI,train,2|2,1,2,2
0ZK5jQAvhFo,train,2|2,1,2,2
0_xOGmydDN0,train,1|2,5,1,2
0axZSeaUbfs,train,1|2,5,1,2
0dIqLMMn4jY,train,2|2,1,2,2
0fMw9o1v2tY,train,2|3,3,2,3
0n2vWTs6XwA,train,1|2,1,1,2
0u56Q_QmxIM,train,1|2,6,1,2
0uCqd5hZcyI,train,2|2,6,2,2
0zJcYnsh55g,train,1|3,2,1,3
12Ezy1y1cWY,train,2|2,3,2,2
13KtmgntgQw,train,2|2,2,2,2
13XlKeC_p3U,train,1|3,2,1,3
13kjwEtSyXc,train,2|1,4,2,1
15yOT2ZolPE,train,1|2,1,1,2
184MlJCcboQ,train,2|2,1,2,2
19cplBTXyoY,train,2|2,2,2,2
19pTUX8KfYM,train,1|2,6,1,2
1AMp8Y_0UGc,train,1|2,3,1,2
1OGu_7IljCo,train,1|2,1,1,2
1RMdiCbNNh4,train,2|2,2,2,2
1TXS1Zg4wDc,train,2|2,1,2,2
1UaqZEUUk9I,train,1|2,2,1,2
1W7XLdNpEgc,train,1|2,3,1,2
1Wh2mIFrGvk,train,1|2,2,1,2
1ZqHFoxLz54,train,2|2,1,2,2
1ajEXdEsJ-k,train,1|2,1,1,2
1dOaM7zWPo8,train,1|2,2,1,2
1eOvtoZCie8,train,2|2,4,2,2
1fsFL_qNYlQ,train,2|2,2,2,2
1hpZ2ecWqtI,train,2|2,6,2,2
1mdMhaq5p4w,train,2|2,6,2,2
1mfrM-FT-5E,train,1|2,1,1,2
1pm5uoU85FI,train,1|2,5,1,2
1tPH6PNeOSk,train,2|2,5,2,2
1uC-2TZqplE,train,2|2,4,2,2
1uCO2d0pFg0,train,2|2,1,2,2
1yjRBwUiYxs,train,2|2,1,2,2
1zpucNpIDk8,train,2|3,1,2,3
2-LDYe7OXZU,train,2|1,6,2,1
26ZnknvfdNM,train,1|2,5,1,2
29UCGJldICw,train,1|2,2,1,2
2AV8m02PjdU,train,2|2,6,2,2
2AYq7CdNXNo,train,2|2,5,2,2
2DZb5yIc6Fg,train,2|2,6,2,2
2Fgn78rYjPM,train,2|2,2,2,2
2GHz8LYflE0,train,2|2,3,2,2
2HU92Hfx8Lo,train,2|2,1,2,2
2KSBoJZMcMU,train,1|2,4,1,2
2NNYN1ZCJhw,train,2|2,3,2,2
2OAA4slRc5M,train,1|2,2,1,2
2PSGksTyrnI,train,2|2,6,2,2
2SzC9dm4Yy4,train,2|2,5,2,2
2T3oK1Gse2g,train,2|2,4,2,2
2TMl5EMrdVI,train,2|2,6,2,2
2TXrDZgbDHE,train,2|2,5,2,2
2TbU3Eg2i4A,train,2|3,5,2,3
2UqnC_rFcRQ,train,2|2,4,2,2
2UxhlaDEPmI,train,2|2,2,2,2
2Z8Xi_DTlpI,train,2|2,2,2,2
2_OOIcYfLV0,train,1|2,2,1,2
2ceHmUmguzk,train,1|2,4,1,2
2f7rLXwzP3s,train,2|3,3,2,3
2fzLibPAtvI,train,2|2,5,2,2
2hhqEWiv4eI,train,2|2,6,2,2
2kqPuht5jTg,train,2|2,6,2,2
2mfmw63l88g,train,1|2,6,1,2
2oEUp9sGRGk,train,1|2,4,1,2
2oiXF5_gTyk,train,1|2,4,1,2
2q8orkMs2Jg,train,2|2,4,2,2
2r5NVi3SZ2I,train,2|2,2,2,2
2rV3Ibtdnvs,train,2|2,3,2,2
2x8GZaBY6TM,train,1|2,4,1,2
300gK3CnzW0,train,1|2,6,1,2
32XmVytuwQc,train,2|3,1,2,3
35-2f1y0guA,train,2|2,1,2,2
36NZ0sHWQFg,train,2|2,1,2,2
36sZ__mv_KY,train,1|3,2,1,3
38fE5B4ghw0,train,1|2,6,1,2
39BJkEXJpgc,train,1|2,5,1,2
3AyjQQYmqU4,train,1|3,4,1,3
3CyIOM2izmI,train,1|2,1,1,2
3GylAjrajHs,train,2|3,3,2,3
3J7Cl3FXs1o,train,1|2,4,1,2
3JzvXA-Zfbs,train,2|2,5,2,2
3K16KyiAZHw,train,2|2,3,2,2
3OoQBXWTGfE,train,1|2,5,1,2
3Q3SB1dVAng,train,2|2,6,2,2
3R2LrAKCWr8,train,1|2,2,1,2
3S72dDIm1fM,train,1|2,6,1,2
3VTL2kFt17M,train,2|2,5,2,2
3VyriB3isO8,train,2|2,3,2,2
3WmWJ1lNy-U,train,2|2,3,2,2
3ccY8jYkI5o,train,1|2,6,1,2
3gKpBq-1yG4,train,1|2,6,1,2
3gUpRQ22vUs,train,2|1,1,2,1
3gmc2kLV4Bo,train,2|2,2,2,2
3hKgh9AB3tk,train,1|1,6,1,1
3n-QaO3EvPQ,train,1|2,1,1,2
3nxH1f6IQjQ,train,1|3,1,1,3
3orJLMVqWYw,train,1|2,3,1,2
3taD1fEPfC8,train,2|2,6,2,2
3wgZrRMosvY,train,2|2,5,2,2
3ySH8eJQRCI,train,1|2,6,1,2
3yU-7AXnFCM,train,2|3,3,2,3
3zAyM2edy1g,train,1|3,6,1,3
41NNb7cucVo,train,2|3,5,2,3
43tayteIFRk,train,1|2,3,1,2
45SH4ohAH3M,train,1|2,4,1,2
48S9_KZvzVw,train,1|2,5,1,2
495hLlCEW64,train,2|2,3,2,2
4F-WBGPXiqQ,train,2|2,1,2,2
4FS7wEOOBNk,train,2|2,1,2,2
4ICb270oLpE,train,2|2,2,2,2
4JjpfL4y3XM,train,2|2,6,2,2
4LZJvOecyM8,train,2|2,3,2,2
4NzqG0XwOWg,train,2|2,3,2,2
4OKYywIqnqg,train,2|2,2,2,2
4QUgf0dHnKk,train,1|2,2,1,2
4Qr1BjZhnpg,train,2|2,3,2,2
4RKQGZzPClk,train,1|2,1,1,2
4TpJ1FT2w6Y,train,2|2,4,2,2
4XdZDodpzac,train,2|2,5,2,2
4a6-tNo-NDM,train,1|2,2,1,2
4bDOetaLvZs,train,2|2,6,2,2
4fN-DKUzgWQ,train,1|2,5,1,2
4kIHxR6s1L4,train,1|3,5,1,3
4kYaYIcuLpM,train,1|1,1,1,1
4lH5nLSwmoM,train,2|2,4,2,2
4lj66h4CXI8,train,2|2,6,2,2
4lyKh2_xCDQ,train,2|1,2,2,1
4nJLbAKgwfw,train,1|2,2,1,2
4nMstrTuXXw,train,2|2,1,2,2
4nir0YtjHVs,train,2|2,4,2,2
4sCa35TOxgs,train,2|3,2,2,3
4vdJGgZpj4k,train,1|2,4,1,2
4xdT0Uedsro,train,1|2,2,1,2
4yogPbHFQ9o,train,2|3,6,2,3
4zkY1SG-7xc,train,1|2,1,1,2
5-mwIFjOWZ4,train,2|2,2,2,2
50gokPvvMs8,train,2|2,6,2,2
51KRxB3g7A8,train,2|2,4,2,2
51z2rCqPqPE,train,2|2,3,2,2
53gtUkC7IZM,train,2|3,3,2,3
53srfuqv9LM,train,2|3,2,2,3
54JawR1x0II,train,1|2,5,1,2
54K75EhiTEk,train,1|2,5,1,2
54TGLGvIm_8,train,1|2,4,1,2
5Bgd2zgiT0Q,train,2|2,1,2,2
5CRqN54uejE,train,2|2,6,2,2
5Eez38v8TuU,train,1|2,6,1,2
5Ku4_r_Yxsk,train,2|2,4,2,2
5LT-hTT4J7s,train,1|2,1,1,2
5Mc-mjLvvGU,train,1|2,2,1,2
5PsD_NFMWpQ,train,1|2,2,1,2
5QUDu-PC7N4,train,2|3,1,2,3
5T2PhH-OMds,train,2|2,4,2,2
5TYuLy7JLj4,train,1|2,2,1,2
5Wfa94_5Psg,train,1|2,3,1,2
5bYq8LXMRaw,train,1|2,1,1,2
5bi_PM3XMEQ,train,2|2,3,2,2
5f6s8cwA7WQ,train,1|2,4,1,2
5gJsrcXQvrk,train,1|3,1,1,3
5ghk5950BhU,train,2|2,5,2,2
5h5Pajjc_xM,train,2|2,1,2,2
5hFRSHAis2E,train,2|2,4,2,2
5kY-Iv6UkeU,train,1|3,1,1,3
5wpoKhbt28c,train,2|2,3,2,2
5z4G0biL9B4,train,2|2,3,2,2
6-O-HJf6OZI,train,2|2,4,2,2
6-_1-vBNl_0,train,2|2,4,2,2
65xWDhgq1OE,train,2|2,3,2,2
69BopbFc34U,train,1|2,6,1,2
69EsTnCVCp0,train,1|2,5,1,2
6CRet5sD6xI,train,1|2,2,1,2
6IOtQTOyQRU,train,2|3,2,2,3
6JfSPPVUgIg,train,1|2,4,1,2
6KKNrufnL80,train,2|2,1,2,2
6LKbPUX03sY,train,1|2,4,1,2
6M8OQNo64Tc,train,1|2,2,1,2
6N02tjYPLh8,train,2|2,5,2,2
6NjuNY4LfQc,train,2|2,6,2,2
6SiutTvCDUw,train,1|2,2,1,2
6SoFnys6mf0,train,2|2,1,2,2
6TkMavTyimI,train,1|2,6,1,2
6U2qLDZA5lQ,train,2|2,1,2,2
6V92xyqy0q4,train,2|2,2,2,2
6WSr4IW6cNI,train,1|2,5,1,2
6e5BsNaQmTo,train,1|2,1,1,2
6ePyEPQp77Q,train,1|2,4,1,2
6inqwyJPQ6k,train,1|2,1,1,2
6k8RQViPUTc,train,1|2,1,1,2
6l0RBbxg4fk,train,1|2,2,1,2
6nv6D2moFQw,train,2|2,3,2,2
6tBnFWDqvJE,train,2|2,2,2,2
6tiGdvduOaA,train,2|2,1,2,2
6wHQsN5g2RM,train,1|1,6,1,1
6wIEiqmuHOM,train,2|2,2,2,2
6waL_gUxtAM,train,2|2,5,2,2
6xlHkQDHxbs,train,1|2,1,1,2
6zm71IHOCZA,train,1|2,6,1,2
70FJFG-MISQ,train,2|2,1,2,2
78zauTEQ-k8,train,2|2,5,2,2
7A7gav98tW4,train,1|2,1,1,2
7GRC7XjGzX8,train,1|2,4,1,2
7I-B2bBL0K0,train,2|2,1,2,2
7IegDaeNlik,train,1|2,6,1,2
7Kn5VT9bB4I,train,1|2,2,1,2
7PYAn9njCHI,train,1|2,5,1,2
7QpoDA8t6yQ,train,1|2,1,1,2
7RQbn7LM10I,train,2|2,1,2,2
7T-KyMnEbJM,train,1|1,1,1,1
7UQt8QB3cQY,train,2|2,4,2,2
7WixH0aSfqI,train,2|2,3,2,2
7Y3S4nfQHeo,train,1|2,6,1,2
7Y4cUPFEt-4,train,1|2,5,1,2
7ZnijRlK5-E,train,2|3,6,2,3
7b9DirXrkHo,train,2|2,4,2,2
7fOxteINSUg,train,2|2,2,2,2
7gyJdWaLpmE,train,2|2,2,2,2
7kO7jYYUVWg,train,2|1,2,2,1
7nhJXn9PI0I,train,2|2,3,2,2
7rZF73nDGEY,train,1|2,1,1,2
7s3itKIXww0,train,1|2,1,1,2
7tB2Rtm4XeU,train,1|2,2,1,2
7tlMys6MZ34,train,2|2,6,2,2
7u0o63Z7q9E,train,2|2,2,2,2
7vF5WLD1RxY,train,2|2,2,2,2
7wsksuXYoMY,train,1|2,6,1,2
8-OKP1nf19E,train,2|2,3,2,2
81f9t2HMNas,train,2|2,6,2,2
836kYlEs9GI,train,1|2,5,1,2
83cmR2fkyy8,train,2|2,4,2,2
84Lz5a9yRZg,train,1|2,5,1,2
853IG69l2SE,train,2|3,2,2,3
85isLsZHZpo,train,2|2,4,2,2
86HyqfDcAJM,train,2|2,1,2,2
86upzmhvpXw,train,1|2,5,1,2
8AnIttmflwI,train,1|2,4,1,2
8BE-2l-RBjA,train,1|2,2,1,2
8Bt-vEroq6M,train,1|2,3,1,2
8KyS0FKbKfI,train,2|2,3,2,2
8RObWRnyuG0,train,2|1,2,2,1
8RVJqjILSD0,train,1|2,6,1,2
8WXW8ODj44k,train,2|2,1,2,2
8XJCdulCPkM,train,2|2,3,2,2
8Yo-27O0P38,train,2|2,1,2,2
8ZHpqRJ39HA,train,2|2,5,2,2
8aPfoJiDeBY,train,1|2,2,1,2
8bn3HZY76xU,train,2|1,4,2,1
8cIuBkFoh0s,train,2|2,2,2,2
8g5jPiQ6XdA,train,1|2,5,1,2
8hGOOynn3ZU,train,1|2,5,1,2
8hH_eJ8qv_M,train,2|2,3,2,2
8hfhLOXpCNM,train,1|2,3,1,2
8i7H-uSCQcc,train,2|2,4,2,2
8mZZlnbmOYE,train,1|3,5,1,3
8narByy2B5g,train,2|2,6,2,2
8pM3X-xsD4s,train,2|2,3,2,2
8qDKGnABATw,train,1|2,3,1,2
8qesctueAV0,train,1|2,3,1,2
8s0R8r6UsU0,train,2|2,2,2,2
8toLcoDcGOY,train,1|2,2,1,2
8voP9HTSffg,train,2|2,1,2,2
8w_oPolxRWQ,train,2|2,1,2,2
8waTw8jF1Ys,train,2|2,1,2,2
8xHdW7Zx_OY,train,1|2,2,1,2
8yFYvQ_kxW8,train,2|2,5,2,2
9-lptN92A68,train,2|2,4,2,2
93XyRBd_HqU,train,1|2,2,1,2
9AsxY-x-TjM,train,2|2,3,2,2
9DF_-PXbpkg,train,1|2,4,1,2
9J-KIPMQmqk,train,1|2,3,1,2
9ND95tPlYt4,train,1|2,1,1,2
9QOFKbaPX3M,train,1|2,3,1,2
9RfE2-aTvaM,train,1|2,6,1,2
9SGTRbePKLI,train,2|2,2,2,2
9UEBU_yiTPs,train,1|2,3,1,2
9UUtf0_ZR14,train,2|2,3,2,2
9XqeGs2MMic,train,2|2,3,2,2
9XvDnTa0Z1M,train,1|2,1,1,2
9ZMIYSBYIh8,train,1|2,3,1,2
9_6auSk_wkY,train,2|2,4,2,2
9_yDcQcapu0,train,2|2,2,2,2
9a-3LrB7cDI,train,1|2,6,1,2
9eNHxfOV2Kg,train,2|2,3,2,2
9hMSThogdKo,train,2|2,1,2,2
9lA-PGQcHBc,train,2|2,2,2,2
9mAw0B-mEPQ,train,2|2,2,2,2
9mM_0vrO3wc,train,2|2,3,2,2
9o10YrQykMk,train,2|2,4,2,2
9pGJyf1MXLY,train,1|2,4,1,2
9rF3BEXetOo,train,1|2,2,1,2
9uMpKla2OQM,train,2|2,4,2,2
9yZEb6bdxNY,train,2|2,4,2,2
9ydyJKZBWiA,train,1|2,6,1,2
9z5cV1ANYwE,train,2|2,4,2,2
A1lbD_OCuj4,train,1|2,6,1,2
A3StIKMjn4k,train,1|2,6,1,2
A6ZWTfKPLPE,train,2|2,6,2,2
A7ZNwKJzGpk,train,1|2,1,1,2
A7exx3pEPkE,train,2|3,4,2,3
ABWFQuPG1LA,train,2|2,6,2,2
ADBzMIo1jd8,train,2|2,1,2,2
ADa9rkwF2uA,train,1|2,6,1,2
AEqpMdMeMZA,train,1|2,2,1,2
AFtQfwBA_gI,train,1|2,1,1,2
AFvUxDwJB84,train,2|3,6,2,3
AGYoSGlq-ck,train,1|2,1,1,2
AP0aklGHino,train,1|2,4,1,2
AQz6_ZpzGIE,train,2|2,2,2,2
AR3UwbmgKuQ,train,1|2,6,1,2
AT9kY7tP710,train,1|2,2,1,2
AVLEr0sYFhs,train,2|2,1,2,2
AWe6ZZUmlZw,train,1|2,6,1,2
AWyKLALCUyM,train,2|2,1,2,2
Af_F0IzHK6o,train,1|2,4,1,2
Agg7z10B_iY,train,1|3,5,1,3
Ah5PEPT4xbo,train,2|3,1,2,3
Ahiq4zhmYco,train,1|2,5,1,2
AjCI_w9Szks,train,2|2,2,2,2
AlEqtGWa43g,train,2|3,6,2,3
An7WScf0RRc,train,1|2,1,1,2
AobPtpyKat8,train,2|2,2,2,2
AotbiNsU85A,train,2|3,6,2,3
ApPnsnIZozw,train,1|3,5,1,3
ArMkA9R1QxY,train,1|2,2,1,2
Arsrkqma4i4,train,2|2,2,2,2
AuaQ0rtedRk,train,1|2,3,1,2
AvuGsnkWjt8,train,1|2,4,1,2
AvuWv3LLmrA,train,1|2,3,1,2
B-OJ_xZILLg,train,1|2,4,1,2
B1efbNxLPe8,train,2|2,2,2,2
B2q0gbLVeck,train,1|2,1,1,2
B2riMsP8LD8,train,1|2,2,1,2
B3zFJhrmqwg,train,1|2,3,1,2
B77ZCcCMrkM,train,2|2,5,2,2
B8kzwm6ZaUo,train,2|2,4,2,2
BBSB9OJdb0Q,train,2|2,4,2,2
BCPoSirpmEw,train,2|2,1,2,2
BJpWi1qGp1A,train,2|2,3,2,2
BLKXsX7-WIg,train,2|2,4,2,2
BONQpwyg9KQ,train,2|2,1,2,2
BQ9i8qkXiVQ,train,2|2,2,2,2
BS0wgLXqFgc,train,1|2,6,1,2
BSkTPW_Qsio,train,2|2,1,2,2
BV6Pqy4fSwc,train,1|3,1,1,3
BWAEpai6FK0,train,2|2,3,2,2
BZ3FEf_KKso,train,1|2,3,1,2
B_DeKthR_V0,train,2|2,1,2,2
Bbx88iJwZ5Q,train,2|2,1,2,2
BeyIfaH64xY,train,1|2,6,1,2
BgfYyUAoNPs,train,2|2,2,2,2
Bije9nsMl7M,train,1|2,5,1,2
BjzSIV3dutk,train,2|2,1,2,2
Bk9Hxn7Drxw,train,1|2,2,1,2
BlXViK_ltm8,train,2|2,1,2,2
Bmn4YEhgBDY,train,2|2,2,2,2
Bn5QwANp5LM,train,1|2,1,1,2
Bo-mrL28d8M,train,2|2,6,2,2
BpcQ9THDtp4,train,1|2,1,1,2
Bt5zyk-Xf9Q,train,1|2,1,1,2
BuKzIqR4eBU,train,1|2,3,1,2
BxD2uO_3RXU,train,2|3,1,2,3
BxdFQhBNZys,train,1|2,3,1,2
BzMLhulrt0Q,train,1|2,1,1,2
C-48U5oDuvw,train,1|2,6,1,2
C0UMWrEJ2x0,train,2|2,3,2,2
C23rns4ZCy8,train,2|2,2,2,2
C2MEPH7x9m0,train,1|2,3,1,2
C2Y9Puk3Obk,train,2|2,2,2,2
CAuVlnNy95E,train,2|3,1,2,3
CCe1J5grs8U,train,2|2,1,2,2
CDTo7WVyf5s,train,2|2,2,2,2
CESTtNvDpww,train,2|2,3,2,2
CFk4v2Kd5Ns,train,1|2,3,1,2
CHkKv9TXm0g,train,2|2,2,2,2
CJT7z9PaU68,train,2|2,1,2,2
CO7vZjYF6Zk,train,2|2,6,2,2
CPtaCNonKlE,train,2|2,6,2,2
CQMH9Qguuao,train,1|2,5,1,2
CQR-eM3mTFU,train,2|2,1,2,2
CTWMisL_HlI,train,2|2,4,2,2
CUiG7UZ9A3k,train,2|2,3,2,2
C_NtwmmF2Ys,train,2|2,6,2,2
CbNAOLHByZQ,train,2|2,2,2,2
CcVuoHZqp6k,train,2|2,1,2,2
CdUYBux3Vn8,train,1|2,4,1,2
CdY1ZLrWTtg,train,1|2,2,1,2
ClSP2k9DFX0,train,2|2,1,2,2
Cng72emlXAM,train,2|3,4,2,3
Cv_QK9bPagQ,train,2|2,1,2,2
Cvuu76B-bxA,train,1|2,6,1,2
CwFH8J7smjE,train,2|2,2,2,2
CwYNQlRTvPc,train,2|2,1,2,2
CwmYqA1yi0Q,train,2|2,1,2,2
CyzKot0CNyU,train,1|3,2,1,3
D3AomvNhR1k,train,1|2,1,1,2
D4TU65xbF4g,train,1|2,5,1,2
D4hPHPp1W-Q,train,2|2,4,2,2
DGCGeNlA-Ww,train,1|3,2,1,3
DLds0WJpIQg,train,2|2,1,2,2
DTZeyoKUPx4,train,2|2,6,2,2
DVh_7dO2cWY,train,2|2,6,2,2
DWVJXufR7gE,train,1|2,2,1,2
DZfcVxy2ceI,train,2|2,3,2,2
DctPau1p7JM,train,1|2,3,1,2
DefePa0_6Sg,train,1|2,4,1,2
DegRGUG4Wi0,train,1|2,5,1,2
Dgo98-sCd1w,train,2|2,1,2,2
Dhbva5oGE7g,train,2|2,3,2,2
DhqfB9chceo,train,1|2,3,1,2
DiaibIBisuM,train,1|2,6,1,2
DjfLWIZq3bo,train,1|2,2,1,2
DmYsoYs9jyI,train,2|3,1,2,3
Dq7Uep06KOQ,train,2|2,2,2,2
DqA3j7juNs4,train,1|2,1,1,2
DrlC4bEYcmw,train,2|2,2,2,2
DvWzedL3QCk,train,1|2,5,1,2
DvmzcQI5cnM,train,1|2,6,1,2
DzqJmiQjsZ4,train,2|3,6,2,3
E3z1D7CKoOA,train,1|2,6,1,2
E49FxumXPnc,train,2|2,1,2,2
ECuouf2tVYU,train,1|2,1,1,2
ED70UxZkohc,train,1|3,1,1,3
ELvGOVb8L5I,train,1|2,1,1,2
EMNcIRgaDMg,train,2|1,2,2,1
EP0sdDWooSw,train,2|2,1,2,2
EYbPGTIcnjs,train,2|2,4,2,2
EYhvnALhXt8,train,1|2,1,1,2
E_xAcdGpPCI,train,1|2,5,1,2
EaBCJB8LXdI,train,2|2,5,2,2
EelHLfeSJfM,train,2|2,6,2,2
Egogv6acOd0,train,2|2,5,2,2
EgolOPjkkg8,train,2|1,5,2,1
EjhDyc8Oc6k,train,2|2,6,2,2
EoakbXJmcto,train,2|2,1,2,2
Etfh8X-ECtY,train,1|2,6,1,2
Etw3iulV5Eg,train,1|2,3,1,2
EwMMNKLjO9w,train,2|2,6,2,2
EyX8QI5nPTY,train,2|2,2,2,2
F0VbEO_0Ybc,train,1|2,6,1,2
F0kidNe_RSo,train,2|3,3,2,3
F4UeAogUMMs,train,2|2,6,2,2
F5iykLTSCJc,train,2|2,2,2,2
F9mZ6De_6Ko,train,2|2,3,2,2
FJPqNQPXp5c,train,2|2,1,2,2
FM5UaJS-bhg,train,1|2,6,1,2
FNHMXPaHll0,train,2|2,5,2,2
FPfgwGsy8dE,train,1|2,3,1,2
FTk2SCmJI_w,train,1|2,3,1,2
FU1ak530DDo,train,2|2,4,2,2
FZYN9ZFngFM,train,1|2,1,1,2
FaBTYkzhuK4,train,1|2,6,1,2
Fco1CMgOadI,train,1|2,4,1,2
Fgq5I4bkq2s,train,1|2,1,1,2
FhCOvzMrNs8,train,1|2,2,1,2
FkzVX7SQ9wE,train,1|2,6,1,2
FlAGm93fJa0,train,2|2,4,2,2
FvjIziLzffo,train,2|2,5,2,2
FxVUG2R1y0Q,train,2|2,5,2,2
Fz1BcPpjNXY,train,1|2,1,1,2
G2D3qU6R_YA,train,2|2,5,2,2
G7QTNbKbu_4,train,2|2,3,2,2
GCkOL2jLSQA,train,1|2,4,1,2
GG9WPQLI_rg,train,1|2,6,1,2
GGiKj4OC2Jk,train,2|2,1,2,2
GHetseJP358,train,2|2,3,2,2
GJ0uTtD3kSg,train,2|2,1,2,2
GO6s-qDADuU,train,2|2,3,2,2
GQczMGrVgbc,train,1|2,4,1,2
GR-P1m_Yvm0,train,2|2,4,2,2
GRXPm8mmidw,train,1|2,1,1,2
GS7cBLgZKgk,train,2|2,6,2,2
GTmHSF6vNWc,train,2|2,5,2,2
GUxm9AWVpOI,train,2|2,2,2,2
GYku69XEoxc,train,2|2,2,2,2
G_VQne_BXWE,train,2|2,1,2,2
GcuoyJPO-KU,train,2|2,4,2,2
Gd08FYfFRtk,train,1|2,4,1,2
Gdv79afXNKE,train,2|2,4,2,2
Gg4OMtVe7lk,train,1|2,3,1,2
GiILhJbj5JI,train,2|2,2,2,2
GkA0RCMSWF4,train,2|3,1,2,3
Gl93Hw1A2kY,train,2|2,5,2,2
GocSYjCaMlA,train,1|2,1,1,2
GqFpXstFUZI,train,1|2,1,1,2
GsNZh1TS68g,train,2|2,1,2,2
GwKmjEb3qN0,train,1|2,4,1,2
GxMxrhiyjO8,train,2|2,1,2,2
GyLjVOVPGKQ,train,2|2,6,2,2
H0_4dZMjUow,train,2|2,2,2,2
H6yu96w7tUc,train,1|2,6,1,2
H8h4fAGgV18,train,2|2,3,2,2
HCkDd0UnUgo,train,2|2,6,2,2
HEHMW0uiFa4,train,2|2,3,2,2
HH03EXo0TB0,train,1|2,6,1,2
HH14jGFGuL0,train,2|2,2,2,2
HJkoeB_F4c4,train,2|2,3,2,2
HKSgsi7HWWI,train,1|2,1,1,2
HL-K_PZXFR4,train,2|2,2,2,2
HONL8ha-1BE,train,2|2,5,2,2
HP8f3oqJwz0,train,1|2,5,1,2
HPEemWelY1E,train,2|2,6,2,2
HTF8k56_Oxo,train,2|2,4,2,2
HT_8WpgGqjk,train,2|2,6,2,2
HUJt0I1UKzo,train,2|2,4,2,2
HbGeoKBULAA,train,1|2,2,1,2
HegkSmkiBos,train,2|2,1,2,2
HekcZ0Em60E,train,2|2,6,2,2
HhC2cGFFZeY,train,1|2,5,1,2
HkBs4_vaCcs,train,1|2,1,1,2
Hklc55y7vUI,train,1|2,4,1,2
HkqPfxphZsE,train,2|2,1,2,2
Hm5K_K0v718,train,2|2,5,2,2
HoJXPFp9hYo,train,1|2,4,1,2
I5x9T9ftW18,train,2|2,6,2,2
I8jMoBAMtVA,train,2|2,2,2,2
IFXaH_E54iA,train,2|3,5,2,3
IGjI8aP14gg,train,2|2,2,2,2
IHJn3UHXCMs,train,2|3,4,2,3
IL5VgGakSNw,train,1|2,6,1,2
IMCEXoAkZv4,train,1|3,5,1,3
IP_Smb0hVSw,train,2|2,2,2,2
IXVf5VWxOAg,train,1|3,5,1,3
I_ncZcYgFjw,train,2|1,2,2,1
Ie2y_yOeKpo,train,2|3,6,2,3
IlbODduDCb4,train,1|2,6,1,2
Iqbg3CwVpXA,train,1|2,1,1,2
IveGfOJ86wY,train,1|2,6,1,2
IwfA-squ7Oo,train,2|2,5,2,2
IzsP0TRzFbo,train,2|2,3,2,2
J0JrzUmZGcA,train,2|3,5,2,3
J28DwJsK8Do,train,2|2,5,2,2
J30sMEMrKjA,train,2|2,5,2,2
J5Q9cutAmY8,train,1|2,1,1,2
J6RHl6U6Jcw,train,2|2,4,2,2
J9MfhPoJOaw,train,2|2,3,2,2
J9WyswA0vow,train,1|2,6,1,2
JFKZEGDhcRs,train,1|2,6,1,2
JIR4aPcyrn8,train,1|3,2,1,3
JIYZTruMpiI,train,2|2,4,2,2
JJxLsbLQlIE,train,2|2,3,2,2
JKDEEwxZwrw,train,1|2,4,1,2
JO44XCaQGVY,train,2|2,4,2,2
JSEx8RqGcPs,train,2|2,1,2,2
JSmYRIDgryI,train,2|2,1,2,2
JTmq4k4uQCY,train,1|2,5,1,2
JU_XfoyZIVM,train,2|2,1,2,2
JZNMxa3OKHY,train,2|3,2,2,3
JbXgnjVWEoM,train,1|2,3,1,2
JcNmLCtlKok,train,2|2,1,2,2
Jf8lqSpAjZ8,train,1|2,6,1,2
Jh7Wk5fYeMk,train,2|2,2,2,2
Jh8yMyNZkuo,train,2|2,2,2,2
JhdFmuwquHM,train,1|2,1,1,2
Jhz5ssCKaug,train,2|3,5,2,3
JiXJeI5_jGM,train,1|2,5,1,2
JoQRNgGQCgY,train,1|2,5,1,2
Jp-Hu7yxqR8,train,1|2,2,1,2
Jy716zClCKs,train,1|2,2,1,2
JzS1ZJGBd5A,train,2|2,1,2,2
JzXnxQDnwWE,train,2|2,2,2,2
K-Z_mLE8nlo,train,2|2,3,2,2
K-iwJMxjyx4,train,1|2,6,1,2
K4UcCvZOxWo,train,2|2,2,2,2
K63T9l1xY7U,train,2|2,3,2,2
K7vBdKrcFKo,train,1|2,1,1,2
K9U_Z8GdGRo,train,2|2,2,2,2
K9ZTOb6PbfQ,train,2|2,5,2,2
KAGTaM0Z9tA,train,1|2,3,1,2
KD9rExmTXcE,train,1|2,1,1,2
KDwpjQiIfjY,train,2|2,4,2,2
KGRUaRe3r7I,train,1|2,4,1,2
KHQJhOzdrYo,train,1|2,5,1,2
KIJ9IYETe38,train,2|3,4,2,3
KJ643kfjqLY,train,2|2,4,2,2
KJP4SKS2vtY,train,2|2,4,2,2
KLY518hfGhU,train,2|2,6,2,2
KNOHhnRMpSw,train,1|2,6,1,2
KNx7_ajRwDI,train,1|2,3,1,2
KTdbKiGFzJY,train,1|2,3,1,2
KVepk_9iPEU,train,1|2,5,1,2
KXUERmhPyr8,train,1|2,3,1,2
KYvMsMLNGvY,train,1|2,6,1,2
KYvbRwTCtaU,train,1|2,6,1,2
KdMiQUWNByk,train,2|2,1,2,2
Kga18VO9VwY,train,2|2,3,2,2
KmHe8urs3LI,train,1|2,6,1,2
KnbEca4Ibwk,train,1|2,6,1,2
KpTHRBaYny8,train,1|2,4,1,2
Kpto8K_B-5A,train,2|2,4,2,2
Kq-c6lqGNlo,train,2|2,5,2,2
KsToJAKi7xQ,train,1|2,2,1,2
KskDPaLfZNQ,train,2|2,1,2,2
KtY6C83o2rs,train,2|2,3,2,2
KueRj0rDWIE,train,2|2,1,2,2
L-C1blPD_ec,train,1|3,6,1,3
L-rmZZP_wj8,train,2|2,2,2,2
L9sG80PI1Gw,train,1|2,3,1,2
LBrmHHzyIiY,train,1|2,5,1,2
LCafv-LfC3Y,train,2|2,5,2,2
LGdzP-r_G3U,train,2|2,5,2,2
LGgx7RVdL2Y,train,2|2,6,2,2
LHV4HNK35pM,train,2|2,3,2,2
LKc69Et2Jg8,train,1|2,4,1,2
LKqN07ryM5I,train,2|2,4,2,2
LKqO2BhfAvM,train,1|2,2,1,2
LKvxVEI8uVA,train,2|3,3,2,3
LNiiKncirQA,train,1|2,2,1,2
LRU4jLhKaak,train,1|2,4,1,2
LRczShwIVbM,train,2|3,4,2,3
LWO2ZhalAEY,train,2|2,3,2,2
LXmwDq89LdA,train,1|2,3,1,2
LeuT6NgJ6N8,train,1|2,3,1,2
LfvTKoMYLEE,train,2|2,2,2,2
LglT6Gp5oQg,train,2|3,1,2,3
Lj1WuMXFa-4,train,2|2,5,2,2
LmA23EIaXqg,train,1|2,5,1,2
Lq4uvcHNiy8,train,2|1,5,2,1
LsPKxJgefks,train,2|2,2,2,2
Lt89YrQHF_w,train,1|2,6,1,2
LtBYojIGYEc,train,1|2,3,1,2
LtTR6elruhU,train,2|1,1,2,1
Lu9UNCSpQZM,train,1|2,4,1,2
LuLUAwn0aWU,train,1|2,6,1,2
LvpUVPQKWcQ,train,2|2,2,2,2
Lz3hYPF6aIM,train,2|2,3,2,2
LzT4m85N17o,train,1|2,1,1,2
M0O87_LiyMw,train,2|3,5,2,3
M17x1DCxFj4,train,1|2,1,1,2
M20gRMBy-4I,train,1|2,2,1,2
M9nVAfSPOZ8,train,1|2,2,1,2
MCqC9VBT4q4,train,2|2,1,2,2
MCr6FmFAhak,train,1|2,5,1,2
MDoZUDTSayc,train,2|2,5,2,2
ME6JLtAM160,train,2|2,1,2,2
MFGGMnNE6Q0,train,2|2,2,2,2
MI_GQLbnoew,train,2|2,5,2,2
MK7KveAeb6Y,train,1|2,4,1,2
MLCIfM5jYlI,train,2|2,4,2,2
MOXPVzRBDPo,train,2|2,3,2,2
MT3tOBpG5II,train,1|2,2,1,2
MajYvFTkKnk,train,2|2,5,2,2
MkVsl0hdphE,train,2|2,3,2,2
MrYEK0nvnAo,train,1|2,4,1,2
MrfJ1qDJAwo,train,1|2,6,1,2
MsGTYOOp4hE,train,2|2,2,2,2
MswJxdf-3Fc,train,1|2,3,1,2
MvWDky9ZaWU,train,1|2,6,1,2
N0QizgPLLbs,train,2|2,2,2,2
N0UweTwwQqQ,train,2|2,3,2,2
N1ZOAktFbI0,train,2|2,3,2,2
N5nIQZMW_ig,train,1|2,2,1,2
NBacfF-K2eQ,train,2|2,3,2,2
NFAlff6GUpA,train,1|2,6,1,2
NPOSIyDF-Sg,train,2|2,1,2,2
NTATNIs2sSc,train,2|2,2,2,2
NTxMChSejQE,train,1|2,1,1,2
NWlCdMyKlE0,train,1|2,4,1,2
NXG4n1pr4Ok,train,1|2,6,1,2
NYlFsljF0VM,train,2|1,4,2,1
NZXtEENlWL4,train,2|2,2,2,2
NdAJGXf8aos,train,2|2,3,2,2
Ng2E0E5tiZQ,train,2|2,2,2,2
NhyVkwcZbTA,train,2|1,6,2,1
NkFJuN8fBDU,train,2|2,3,2,2
NpiglwrZzsA,train,2|2,5,2,2
NpkHOa4uIn4,train,2|2,1,2,2
NyQ2K2J3N0s,train,2|3,2,2,3
NzCflfxgvwo,train,1|3,2,1,3
O14mSiNfYDo,train,2|2,3,2,2
OACoHiwOdXQ,train,1|2,5,1,2
OCMseWyLuBQ,train,1|2,1,1,2
ODDGS0hTcUc,train,2|3,5,2,3
OD_gyCYpR8U,train,2|2,1,2,2
OEKg-Tvwcbk,train,2|2,3,2,2
OIRq4d8IyKc,train,2|2,4,2,2
OMHlfDF99Mw,train,2|2,6,2,2
OSDlyk5ZgAk,train,1|2,6,1,2
OTXGM3Guxy4,train,2|2,5,2,2
OTeEvhxpoYE,train,2|3,1,2,3
OXkDmd3nA94,train,2|2,4,2,2
OZaP2T74bLI,train,2|2,4,2,2
OZlpENU9h28,train,1|2,6,1,2
OckL7z_nBGg,train,1|1,4,1,1
OhHg1lyxe4I,train,1|2,5,1,2
OmXuhT4yJpo,train,2|2,5,2,2
On2c_8sU8Vw,train,2|2,6,2,2
OovRk5U9_GY,train,1|2,6,1,2
OoxYhDbzWwg,train,1|2,6,1,2
OtGJDbI9qkM,train,1|2,5,1,2
OuE91U_n04E,train,2|2,6,2,2
OwI3Q-qUqDw,train,2|2,5,2,2
OwlFAiE0Qrg,train,2|3,2,2,3
OxaBanUE6KE,train,2|3,4,2,3
P0ZzjnS8E24,train,2|2,6,2,2
P0a209IS614,train,1|2,6,1,2
P5HWmGQ1sbw,train,2|2,1,2,2
P6g1mZ3f76U,train,1|2,5,1,2
P7poMmhYnM0,train,2|2,5,2,2
P9WDAY-MFzk,train,1|2,6,1,2
PCmec_zcu_w,train,2|2,1,2,2
PEjFZNkbQos,train,1|2,2,1,2
PHZQmf82HvA,train,2|2,2,2,2
PHmkN1cPl10,train,1|2,4,1,2
PHoVRr0MQ5c,train,1|2,1,1,2
PHv6CzBIC5E,train,2|2,5,2,2
PKe86w7jSGE,train,2|2,2,2,2
PQBGDxYGaXU,train,1|2,4,1,2
PTV5TBVRHxo,train,1|2,5,1,2
PVm7Om88BSw,train,1|2,6,1,2
PWAe9M2SxT8,train,2|2,6,2,2
PXJfSp2WvVY,train,1|2,2,1,2
PYYC0Jiwfdg,train,1|2,4,1,2
P_wDFLJnW-o,train,1|2,5,1,2
Pb7aNc6Kd40,train,1|2,5,1,2
Pb9GhzCRnqs,train,2|3,1,2,3
PdE7qRRCz2c,train,2|2,1,2,2
Pkgi4--hwfo,train,2|2,2,2,2
Pmhjv20yOl4,train,2|2,1,2,2
PpJ4S8ZM8mQ,train,2|2,5,2,2
PpK8b_LrAfQ,train,1|2,1,1,2
Pqy0NgxSvU0,train,2|2,1,2,2
Pr-RpZ4gYCM,train,2|2,4,2,2
Ps55vHez10c,train,2|2,1,2,2
PsHb4YHooKM,train,2|2,5,2,2
Psahy1Vju4A,train,1|2,6,1,2
PtA7yAu9-VE,train,2|2,4,2,2
PtBXYDPakZo,train,2|2,1,2,2
PuVy3akfzNI,train,1|3,2,1,3
PxkMDzORBPE,train,1|2,2,1,2
PxpbeM9VavA,train,2|2,3,2,2
Q-cZz-M17PE,train,2|2,1,2,2
Q0C0OU-j4DA,train,2|2,6,2,2
Q2AI4XpApFs,train,2|2,4,2,2
Q43qO4HC6mA,train,2|2,1,2,2
Q6We7dJplls,train,2|2,3,2,2
Q8Hfg0odW2k,train,1|2,2,1,2
Q8bdpKNp698,train,2|2,1,2,2
QJcc95Y0XPw,train,2|2,2,2,2
QMRAbwZCTfI,train,1|1,2,1,1
QOIP8pV85D8,train,1|2,1,1,2
QS7TwjzkYiU,train,2|3,3,2,3
QXc2qhIHfAA,train,2|2,1,2,2
Q_YyIgxj6HE,train,1|2,1,1,2
Qa-yF-tByDM,train,1|2,3,1,2
QfU5JsVMjfI,train,1|2,4,1,2
QipgesEKSNA,train,2|3,6,2,3
Qkao4XiSflU,train,1|2,1,1,2
QlBgvZjbX30,train,2|2,2,2,2
QovE6L-C9VY,train,2|2,2,2,2
QqTw0lnrtBo,train,1|2,5,1,2
Qqc1539E6rs,train,2|2,5,2,2
QsUj_OlGQ-0,train,1|2,4,1,2
Qu81v9Aybv4,train,2|2,6,2,2
QuwVzi2tQrQ,train,2|2,1,2,2
QyVTG0sGKg0,train,1|2,2,1,2
Qz_cjgCtDcM,train,2|2,5,2,2
R-vly7LKotQ,train,1|2,3,1,2
R0RURVpmU9M,train,1|2,3,1,2
R5uXsQsO6Uo,train,2|2,2,2,2
R8Gpa-rRywc,train,2|1,3,2,1
R9JcmvLBbTs,train,2|3,1,2,3
RCr48dXuZYE,train,1|2,2,1,2
RDOngWykAQU,train,2|2,3,2,2
RDdB2AqJpog,train,2|2,1,2,2
REAxeTWo1QM,train,1|2,3,1,2
RMA5HIyEsXc,train,2|2,1,2,2
ROTx-0q1F9M,train,2|3,3,2,3
RQdZHLGGR_E,train,2|1,2,2,1
RTJK4Duuxsc,train,2|2,1,2,2
RVEO1QNRAOU,train,1|2,2,1,2
RYG6XhdmPY0,train,2|2,6,2,2
RZgTERiRDjA,train,2|3,3,2,3
R_6hhFo7M3o,train,1|2,3,1,2
Ra7BFLFFDv8,train,2|2,1,2,2
RdHnu7ZxjzI,train,2|2,2,2,2
RmEwRYfDn-4,train,1|2,1,1,2
Rops7WYMCCY,train,1|2,6,1,2
RpJkD_vCi0A,train,2|2,1,2,2
RsYSOFRFszk,train,1|2,4,1,2
RsjDkkvJirs,train,2|2,1,2,2
RtNylXap2qk,train,2|2,3,2,2
RtbBc9kI6tE,train,2|2,1,2,2
RvoxbgEP49Q,train,1|2,2,1,2
Rwsss8y1bf0,train,1|2,6,1,2
S-jhg6Y5OrE,train,2|2,2,2,2
S8GxCRs1SbQ,train,1|2,1,1,2
SBEad3L1Hdc,train,2|2,3,2,2
SBPcIiyUHhE,train,2|2,1,2,2
SCZLT4fH5B8,train,2|2,2,2,2
SCnQFpdklMg,train,2|2,5,2,2
SEELGB_-uWU,train,1|3,4,1,3
SFxiMxHvJuo,train,2|3,4,2,3
SG2QAh_50ek,train,2|2,2,2,2
SIpQm4G4DDg,train,2|2,5,2,2
SM0i7RkOjPk,train,1|2,2,1,2
SNEoE1c-k64,train,1|2,1,1,2
SOxdUtjGmAo,train,2|2,3,2,2
SPMDX6qt4I4,train,1|2,1,1,2
SR1Q5M2urxY,train,1|2,4,1,2
SSBC6EsBCro,train,1|2,1,1,2
SUI6WNryjqw,train,2|2,6,2,2
SYlV95nPTPs,train,1|2,4,1,2
Sa7iqqSbaTU,train,2|2,2,2,2
Sb1b8JMVhLs,train,1|2,6,1,2
Sdqg-jn_tBk,train,1|2,6,1,2
Se3Gts4u1vs,train,1|2,6,1,2
SgzOYog1pH4,train,1|2,2,1,2
Shf0JB_MutI,train,2|1,1,2,1
SkNO4x-LSgE,train,1|2,5,1,2
SoHlnvNirJg,train,2|2,1,2,2
SsoZjq7x4MA,train,2|2,3,2,2
Ssy7T1T0yKg,train,1|2,1,1,2
SwXvcwQcqgk,train,1|2,1,1,2
SxKLweLx_ZE,train,2|2,2,2,2
SxRNdq2nGN0,train,1|2,3,1,2
T-mK85acIOc,train,2|3,4,2,3
T0drx76OLAc,train,2|2,1,2,2
T1--98_78ns,train,2|2,4,2,2
T1tJTwlGqOM,train,1|2,5,1,2
T3v3-2tvV0s,train,2|2,6,2,2
T4eZ81aJwJI,train,1|2,6,1,2
T9xSEBSaL7Q,train,1|2,2,1,2
TD3H2DOSi1Y,train,2|2,1,2,2
THO-md3eEkA,train,2|2,4,2,2
TJJJfJfj46M,train,2|3,2,2,3
TK6hBCARiHI,train,1|2,3,1,2
TOdvDQQWlCA,train,1|2,1,1,2
TSGpD2NBeCQ,train,1|2,5,1,2
TTx4lC7LLcI,train,1|2,3,1,2
TUaOp5eIU2c,train,1|2,5,1,2
T_X16g5ExgE,train,2|2,2,2,2
TaL5JleXDP8,train,2|2,2,2,2
TaTMtWvSmu4,train,1|2,5,1,2
Tad9Q9OFjJw,train,1|2,3,1,2
Tch2Bt9b8AY,train,1|2,1,1,2
TeNC9wOhlXM,train,2|2,2,2,2
Tg8a_iNEamM,train,2|2,4,2,2
TiQF5QduRNE,train,2|2,1,2,2
TkCDs7NlXyU,train,2|2,2,2,2
TmpP2fXeVtk,train,2|2,6,2,2
Tr3A7WODEuM,train,2|2,2,2,2
TursJyaFzqY,train,1|2,5,1,2
TyE0bVJZZto,train,2|2,2,2,2
TzW_VxrCR30,train,2|2,2,2,2
U-PRay-woXU,train,1|2,4,1,2
U-XrzfFzMkg,train,1|2,6,1,2
U22Jy0m5xSQ,train,2|2,3,2,2
U2RemWUyjts,train,1|2,6,1,2
U3UaF1aFek4,train,2|3,6,2,3
U9NlCSah83U,train,2|2,1,2,2
U9cidDFDTQE,train,1|2,5,1,2
UA6UY69EVSI,train,2|2,5,2,2
UANQntvIqVk,train,2|2,5,2,2
UD-8YYU7GZs,train,1|2,4,1,2
UEYKBC_SuzU,train,1|2,5,1,2
UGsr6Vnqf7I,train,2|2,3,2,2
UHXueLgWoOw,train,1|2,1,1,2
UMMhvyjgRnM,train,2|2,3,2,2
UOvgGSx9k_k,train,2|2,2,2,2
USO-o9dHJ3U,train,2|3,4,2,3
UUxEpR5Jgt0,train,1|2,1,1,2
UVvBaGOxwRI,train,2|2,1,2,2
UWG7Jyqc1CY,train,1|2,1,1,2
UWVOT3YPQH4,train,2|2,6,2,2
U_QQ8EuuWPg,train,1|2,6,1,2
UcyjGGEBn30,train,2|2,3,2,2
UhNyHUwo1SY,train,1|2,4,1,2
UipoC_HLOP0,train,1|3,5,1,3
UoC_4qi_m9c,train,2|3,3,2,3
UqfFvPT9mEs,train,1|2,1,1,2
UsmwjNu3kgQ,train,1|2,1,1,2
UtVo107m5lg,train,1|2,6,1,2
Uu-NbXUPr-A,train,2|2,4,2,2
UvaGeSNcw8I,train,1|2,1,1,2
UzgW75Fd4jU,train,2|3,2,2,3
V1I40vVRk78,train,2|2,3,2,2
V2nvyZB-JNM,train,2|2,6,2,2
V4ibYU1O-YI,train,2|2,4,2,2
V7_h3URfSFY,train,2|2,5,2,2
V8JaJ2IVG9E,train,2|2,2,2,2
V8w2Lo5wxl8,train,2|2,5,2,2
V9OuGDPnqHI,train,2|2,3,2,2
VAZLQqJa9rQ,train,1|3,5,1,3
VDcYF-YQuWw,train,2|2,1,2,2
VGoAtKcKIe8,train,1|2,2,1,2
VIhStXxpAr0,train,1|2,5,1,2
VJf0lkXcy2A,train,1|2,1,1,2
VJuVsi6G96s,train,1|2,4,1,2
VNK6LQHh25w,train,2|2,5,2,2
VOeVhXWK7-8,train,1|2,2,1,2
VOhsEbDjZ9E,train,2|2,1,2,2
VPFrKx72gvo,train,1|2,5,1,2
VQMizni7nY0,train,1|3,5,1,3
VTrqCDYHVqU,train,1|2,5,1,2
VTv4BAYgJpk,train,1|2,6,1,2
VUGWfw5PVLY,train,1|2,3,1,2
VUgKH9DIs-8,train,1|2,6,1,2
VbiUhNAdzus,train,2|3,5,2,3
Vd9biSOZ5CI,train,1|2,4,1,2
VhHnmeRABJw,train,2|2,4,2,2
Vimaz7NzPIg,train,2|2,2,2,2
Vk3scj5vhd4,train,1|2,3,1,2
VmV8NIvVVkw,train,1|3,1,1,3
VmyIItgMzpE,train,1|2,2,1,2
VoXh9utSIx8,train,2|2,1,2,2
VqKQeFMo0pI,train,1|2,1,1,2
VuS938tAv-0,train,1|2,1,1,2
VuadgOz6T7s,train,1|2,6,1,2
VugKq4gOi50,train,1|2,6,1,2
VvVigAr4hZc,train,1|2,3,1,2
VxtZDXM0cuQ,train,2|2,6,2,2
Vyktsh14Kww,train,2|2,4,2,2
W0FCCk0a0tg,train,1|2,3,1,2
W0LRjSS9pVM,train,2|2,4,2,2
W2AB3UUyvwI,train,2|1,3,2,1
W48yW9XTI4c,train,2|2,1,2,2
W4tz3plvvKI,train,1|2,4,1,2
WATt9OOVZh8,train,1|2,5,1,2
WCLkd1Fek0w,train,1|2,1,1,2
WGP2HLnoma0,train,1|2,2,1,2
WMp0lsXbOqM,train,2|1,3,2,1
WOyix7rTgwI,train,1|2,1,1,2
WQg0-M4Yn3s,train,1|2,1,1,2
WRz1F6DqmRQ,train,1|2,5,1,2
WT1YjeADatU,train,2|3,5,2,3
WU2_ELn71Rw,train,1|2,1,1,2
WUNXs4r_xCU,train,2|2,6,2,2
WYXRdYT4F0Q,train,1|2,2,1,2
Wa-HX5jP3ew,train,1|3,3,1,3
Wbd7QufjK_E,train,2|2,1,2,2
Wby2oMliGz0,train,1|2,5,1,2
Wev85dXzVGM,train,2|2,1,2,2
WfjLOieAwGY,train,1|3,1,1,3
WkbvQZU475o,train,1|3,2,1,3
WosLI6krxUg,train,1|2,4,1,2
WpEZOSrENL0,train,2|2,5,2,2
WuIKjBb7s4Q,train,2|2,6,2,2
WwGca41TJVU,train,2|3,4,2,3
WwmWN63mkT4,train,2|2,2,2,2
Wx3BaKp74Ig,train,2|3,1,2,3
Wx_oe0SxD9w,train,1|2,6,1,2
Wy4hWbeibhU,train,2|2,3,2,2
WyLqK6wzYLU,train,2|2,3,2,2
X-i_eQ48DBw,train,1|2,5,1,2
X1kqn3XDFRw,train,1|2,1,1,2
X7S71Som15M,train,1|2,2,1,2
X8RfXbeIQvo,train,1|2,1,1,2
XAO4l8Ej-J8,train,2|2,3,2,2
XB81sertsYU,train,2|2,2,2,2
XDwSKV_-Rhc,train,2|2,1,2,2
XEpdSMQfEOs,train,1|2,4,1,2
XFqLaKqrUHM,train,1|2,1,1,2
XH4rem3vS9w,train,1|2,1,1,2
XJj34u5IzU0,train,2|2,4,2,2
XLKNGnpTO9k,train,2|3,3,2,3
XOioICna1hc,train,2|3,4,2,3
XQ3do4LDFv8,train,2|2,4,2,2
XQZ5M9oLkXw,train,1|2,6,1,2
XYt6WL-l7do,train,1|2,4,1,2
XbsA_lCKQLs,train,1|2,5,1,2
XcEFSi3uaJM,train,2|2,3,2,2
Xfmu-7JuDGg,train,1|2,5,1,2
XhgDsQlEnuU,train,2|2,5,2,2
XnSbc0tEzQ0,train,1|2,1,1,2
XoyQKsK7OtA,train,1|2,2,1,2
XpY-cxkbYdo,train,1|2,2,1,2
XtI2ju2a8iM,train,1|2,2,1,2
XuXhY_SCkNI,train,2|2,1,2,2
XvV4YdhpC2w,train,1|3,6,1,3
Y-_JeJoCjUo,train,2|2,3,2,2
Y1LXjxAQihQ,train,1|2,3,1,2
Y2An1KkoHzY,train,1|3,1,1,3
Y98eRPs-78E,train,2|2,1,2,2
Y9WX7ucPP-o,train,1|2,5,1,2
Y9wnqLKhNNI,train,2|1,2,2,1
YC3X1DcnUrk,train,2|2,3,2,2
YEbaKrAxo5I,train,2|1,1,2,1
YF2QVn1fK1E,train,1|2,2,1,2
YFm-8VGsUGg,train,2|2,1,2,2
YGJ33FXzJO8,train,1|2,2,1,2
YGrCXe2-fVk,train,2|2,5,2,2
YJ5CINQ8v_E,train,2|2,4,2,2
YLKPVl-M3Ck,train,2|1,3,2,1
YP7N98ECZaI,train,1|2,6,1,2
YPnuq0tDDqk,train,2|2,6,2,2
YSqiT8g7SYM,train,2|2,1,2,2
YZp79VcnY0w,train,1|2,5,1,2
Ya9Szm73LfE,train,1|2,2,1,2
YbdJd16c3eo,train,2|2,2,2,2
YbxdeEd7wq4,train,2|2,2,2,2
YiX6thczM1w,train,1|2,5,1,2
Yj36y7ELRZE,train,2|2,5,2,2
YjXUMygVw7U,train,1|2,3,1,2
YqgiL3iN2ak,train,2|2,1,2,2
YucC--PknOo,train,1|2,1,1,2
YucM3Zzvekg,train,1|2,1,1,2
Ywfun1LIwOE,train,1|2,2,1,2
YwsVpkumbJc,train,2|3,2,2,3
YyHOKFYDZ5Y,train,1|2,4,1,2
YygvfVxOWP8,train,2|2,6,2,2
Z-CIdOjWcKc,train,2|3,1,2,3
Z3E1jkaNRKs,train,1|2,6,1,2
Z3FdUfZLHyw,train,2|3,6,2,3
Z5S5uGXkNuc,train,1|2,5,1,2
ZFOb9zsgLLY,train,2|2,1,2,2
ZIyfXdCxN9E,train,1|2,2,1,2
ZNJFmNiWC4I,train,2|2,4,2,2
ZNymNgd5EuQ,train,1|2,6,1,2
ZO5JoyVTat8,train,1|2,6,1,2
ZRl_k6DzTeI,train,1|2,5,1,2
ZRrduU1CXqU,train,2|2,6,2,2
ZYmZ6fOnEVg,train,2|2,1,2,2
ZYrFfvp7_Mo,train,1|3,2,1,3
Z_STuUHKQTg,train,2|3,5,2,3
Zdz0TqboSNI,train,1|2,2,1,2
ZeGT9pSG734,train,1|2,6,1,2
ZhPQrqxo2mw,train,2|2,5,2,2
Zi7QHI_5ipU,train,2|2,4,2,2
ZiKxJbVI5_g,train,1|2,4,1,2
ZlcINjtdkQQ,train,2|2,3,2,2
ZoHY-rWJsyw,train,1|2,6,1,2
Zvdh8ym1Yrg,train,2|2,4,2,2
ZvxUUh2wN7s,train,2|2,2,2,2
Zwu5Y5r3Lrs,train,1|2,6,1,2
ZxxRJRz2hf0,train,2|2,3,2,2
Zy9Xg3TdZJk,train,2|2,1,2,2
_01AyUz9J9I,train,1|2,6,1,2
_0bg1TLPP-I,train,1|2,4,1,2
_2DSmy36OEM,train,1|2,3,1,2
_5ltHlmGvq8,train,2|2,1,2,2
_65KGQpiabs,train,1|2,2,1,2
_7hGh6VU4IU,train,2|2,6,2,2
_7s27dUoYVg,train,2|2,4,2,2
_G3kw9HwCqY,train,1|2,5,1,2
_LWrd9t4oZw,train,2|2,1,2,2
_QXI4n_FRN4,train,2|2,4,2,2
_RAGzfJnpUE,train,2|2,2,2,2
_RfHkyf68Zs,train,2|2,1,2,2
_TbRQa4InvM,train,2|2,2,2,2
_UnoRkHkYB8,train,1|2,3,1,2
_X6_C_Oy9VA,train,1|2,6,1,2
_YYBXI2mXv4,train,2|2,1,2,2
_bOOlidEWgY,train,1|2,2,1,2
_fFmEyvWgfA,train,2|2,2,2,2
_fJcW5234bY,train,2|2,6,2,2
_hR9AD-eIy8,train,2|2,4,2,2
_kK9tGN883Y,train,2|2,6,2,2
_mtiuHyOFXg,train,1|2,4,1,2
_plk5k7PBEg,train,1|2,3,1,2
_tq-VgoXGMo,train,2|2,1,2,2
_uNup91ZYw0,train,2|2,3,2,2
_zI6qgTJOSA,train,1|2,2,1,2
_zs9K5Gtkwo,train,1|2,2,1,2
a4bCX4P_5KI,train,1|2,1,1,2
a5-PJqy9QmU,train,1|3,2,1,3
a5NTqK367wo,train,2|2,3,2,2
a5tVPpLsaGc,train,2|2,3,2,2
aIh8DTa3RVg,train,2|2,3,2,2
aJjAtOC8AQU,train,2|2,3,2,2
aKLadP_Wev8,train,2|2,2,2,2
aLvpOYqzErk,train,2|2,5,2,2
aMmEPRJGocM,train,2|2,2,2,2
ai-RZb0ZpKI,train,1|2,5,1,2
alucqviYJFE,train,1|2,6,1,2
aoRjg63uRww,train,2|2,2,2,2
aptKaxP81xA,train,1|2,6,1,2
aqA6oI5L1RQ,train,2|2,1,2,2
ask-ZFRztf8,train,2|2,5,2,2
atH8mnvu-sE,train,2|2,1,2,2
atdhaGEh_0c,train,2|2,1,2,2
ax8wm9K41og,train,2|1,3,2,1
ay4cdKr1I0o,train,1|2,3,1,2
b26ZykbKSzY,train,2|2,1,2,2
b2Y41GrCrPs,train,1|2,5,1,2
b39BQbVhOAg,train,2|2,5,2,2
b5uTy9czllM,train,2|2,1,2,2
b8GPFr11adA,train,1|2,6,1,2
b9nbAAe8F7o,train,2|2,1,2,2
bAxlTgobVHE,train,2|2,5,2,2
bBqZyG-9ksM,train,1|2,6,1,2
bDjqDn6susQ,train,1|2,3,1,2
bEXDNfLBy1I,train,2|2,6,2,2
bFwtVtZodIg,train,2|2,4,2,2
bJktioZ5Yxk,train,1|2,5,1,2
bMY2DaFFwzU,train,1|2,5,1,2
bN2IM-rqZlc,train,1|2,6,1,2
bPLhV0PGR50,train,2|2,2,2,2
bPTYw89PzLM,train,2|2,1,2,2
bSeTNdOtK7I,train,1|2,5,1,2
bZAKBS9q0ZI,train,1|2,3,1,2
bZoN9xp9vgs,train,2|2,1,2,2
bej-DbxTkWA,train,1|2,3,1,2
bkzgccBFztM,train,2|2,5,2,2
bmj4khBLUOs,train,2|2,2,2,2
bnM9Ow52x3o,train,2|2,3,2,2
bnoPmV0_aIc,train,1|2,5,1,2
bt-ev53zZWE,train,2|2,4,2,2
c-c6xhtIq84,train,1|2,2,1,2
c3SQSM9OIsA,train,1|2,3,1,2
c3esnCQDoKc,train,1|3,5,1,3
c4XnKouozXU,train,2|3,6,2,3
c5ZnKbaNCE8,train,1|2,5,1,2
c7tczvW3_dQ,train,1|2,6,1,2
cA3KzjBNr4M,train,2|2,3,2,2
cFGjJg-2zOk,train,1|2,6,1,2
cJs_LosR-u8,train,2|2,5,2,2
cLaZxEf1nE4,train,2|2,5,2,2
cMLkNVKkaOQ,train,2|2,3,2,2
cNGvJfbdI1o,train,2|2,1,2,2
cNXnowQb7rs,train,1|2,6,1,2
cOirMOCpdo8,train,2|3,4,2,3
cOo5N1qblyw,train,2|2,2,2,2
cP_dSXql7z8,train,1|2,6,1,2
cRDYrvxRJ6U,train,2|2,3,2,2
cT3oyHhUznw,train,1|2,4,1,2
cTbfp7nkX8c,train,2|2,3,2,2
cWvZnl5XjwI,train,1|3,3,1,3
cY3nHc5fDYE,train,2|3,6,2,3
cZ6xhB5yhfY,train,2|2,3,2,2
c_pyBvsSlCY,train,1|2,1,1,2
cgp1OzTOq1o,train,1|2,6,1,2
ch2BcBv4SdQ,train,2|2,2,2,2
ciWUq6iQTIE,train,1|2,3,1,2
cjbh1lfr43c,train,2|2,4,2,2
clMg72MI8rw,train,1|2,4,1,2
cnsvc0alWOA,train,1|2,3,1,2
cuyIFvYNLFE,train,1|2,1,1,2
cyma9Q6QF6M,train,1|2,1,1,2
czImT1Wn1og,train,2|3,2,2,3
d-cZdeTp0jo,train,1|1,2,1,1
d1eh3dHNi1Y,train,2|2,2,2,2
d4cPiUXpGbc,train,2|2,6,2,2
d4iSwRMV0bA,train,1|3,2,1,3
d5ujzxBlvwY,train,1|2,2,1,2
d8skGb2ycio,train,1|2,6,1,2
d9_YDJdF-7I,train,1|2,6,1,2
dB65He57Ki8,train,2|1,6,2,1
dIa0U29hVvU,train,1|2,3,1,2
dLaqub4BEsA,train,2|2,5,2,2
dLltwqkvsNg,train,1|2,6,1,2
dOFnHXRLEdM,train,2|3,4,2,3
dQOeQYWIgm8,train,2|2,5,2,2
dRr2JtdzUpU,train,2|2,2,2,2
dS2XOB8kmr4,train,2|2,1,2,2
dT5R3T-Q1kg,train,2|2,1,2,2
d_POf1pikX0,train,1|3,5,1,3
datcFOBWYxc,train,2|2,6,2,2
dd0z9mErfSo,train,2|2,4,2,2
dh6iOU2RtTA,train,2|2,3,2,2
dkhnv1EBvKI,train,2|2,6,2,2
dl9IT3OvI0o,train,2|2,3,2,2
dmOKZLeFKCM,train,2|2,3,2,2
do8FmnQbI5I,train,2|2,6,2,2
dqVPzqpGX-w,train,1|2,2,1,2
dvCKoyBG1pE,train,1|2,5,1,2
dvMeqVbpKW8,train,1|2,6,1,2
dvU5jYExl0o,train,1|2,3,1,2
e07IozLUeKc,train,2|2,5,2,2
e2EmGXRJ1K0,train,1|2,2,1,2
e3NaBdG-ZmM,train,1|2,1,1,2
e3Y7na4SBh4,train,1|2,5,1,2
e5gDLMLOE9U,train,1|2,1,1,2
e6YTvjDXEl0,train,2|2,3,2,2
eA_JaE8X3mI,train,2|2,1,2,2
eAkWSjU-JyY,train,2|2,4,2,2
eB6ZlBG6OeA,train,2|2,1,2,2
eD4b8sM-Tpw,train,1|2,2,1,2
eFb7nVIBGEo,train,2|2,1,2,2
eI_7SimPnnQ,train,2|2,6,2,2
eOUVFTqPeGk,train,2|2,1,2,2
ePQJMluhLjQ,train,2|2,1,2,2
eRRCer7epnA,train,2|2,2,2,2
eYASh3sKY3k,train,2|2,1,2,2
ecIb16gJMwU,train,2|2,1,2,2
elSd0IyX6ys,train,2|1,2,2,1
emHDoDcht44,train,2|2,1,2,2
encC96iqr9Y,train,1|3,5,1,3
eq1_h17oue4,train,2|1,4,2,1
erJNMcO69Eo,train,1|2,4,1,2
erjlIt61pUk,train,2|3,1,2,3
esjSS0xsHFA,train,2|2,2,2,2
esk_mav4MRk,train,1|3,1,1,3
euRnmvd_dus,train,2|2,2,2,2
evQsOFQju08,train,1|2,1,1,2
evrzg3Pzyc0,train,2|2,6,2,2
ezMO8EHKAVw,train,2|2,4,2,2
f1xAVtagIks,train,2|2,2,2,2
f4rQJiW6oSk,train,2|2,3,2,2
f70aaYsxPHY,train,2|2,2,2,2
f8f00b0IgvA,train,2|2,3,2,2
fBMKlYUjA9E,train,2|2,6,2,2
fBcc1UMtZME,train,2|3,5,2,3
fDBpO2TyB-Y,train,1|2,1,1,2
fDw_PAgW07o,train,1|2,6,1,2
fEC3lEDxRnc,train,2|2,5,2,2
fEZrAGQoh_g,train,1|2,5,1,2
fEix0DPOWtg,train,1|2,2,1,2
fG-hvGTHoec,train,2|2,3,2,2
fGAcEyZXFTo,train,2|2,5,2,2
fH0jgh_VKmE,train,2|2,1,2,2
fIiXuRlTPa0,train,1|2,1,1,2
fKrX-KXgXYM,train,2|2,2,2,2
fL8VYpOTLSM,train,2|2,5,2,2
fSDA4eEyGHk,train,1|2,5,1,2
fY4gU5NiV_I,train,2|2,1,2,2
fY4tctYZTz8,train,1|2,6,1,2
fYUcoKDyRiU,train,1|2,1,1,2
f_mEEFFeh-0,train,2|2,2,2,2
fbjDmltKVOM,train,1|2,1,1,2
fecQUZ-ehKQ,train,1|2,2,1,2
feg-RNvT-t0,train,2|2,4,2,2
ff-3k-nzoXA,train,2|2,4,2,2
fgEddXirQvQ,train,2|2,2,2,2
fiEEjrKhlNU,train,1|2,4,1,2
fipvPdFbKN4,train,2|2,5,2,2
fkDqn2muw-A,train,2|3,4,2,3
fmue_KpW9Ro,train,2|2,4,2,2
foj4bqLSmF8,train,1|2,4,1,2
fpyBDfh7qF0,train,2|2,3,2,2
frEf7Kz1Usk,train,1|3,1,1,3
frsDpQjmC5k,train,2|1,2,2,1
fsLf6Xv_Gbk,train,2|2,4,2,2
fuKtMm2WR0g,train,1|3,1,1,3
fwJykIyvS04,train,1|2,4,1,2
g00oS-Kt248,train,2|2,1,2,2
g0Zlp-F6Z6E,train,2|2,4,2,2
g24JGYuT74A,train,1|2,3,1,2
g4PQ753TDls,train,1|2,1,1,2
g8rjtlzAQ6k,train,2|2,2,2,2
gAWA-fcIa_M,train,2|2,6,2,2
gCLfduV3Phw,train,2|2,3,2,2
gCQT7zfS7sI,train,1|2,5,1,2
gCd5bIDNAbI,train,1|2,1,1,2
gChqk1izWkc,train,2|2,2,2,2
gFEntQ_UKvk,train,2|2,3,2,2
gIWZPg1BxlU,train,1|2,1,1,2
gJPlOShvaoI,train,2|2,1,2,2
gKxJl7pIYMo,train,2|2,1,2,2
gLtvOEy7m8Q,train,2|2,2,2,2
gM_KAA-ejJA,train,2|2,2,2,2
gUyH1qvbOZA,train,2|3,3,2,3
gWCgqVn3m3k,train,2|2,3,2,2
gX20EUUZc9M,train,2|2,2,2,2
gZblxCs4EV4,train,2|2,2,2,2
gZzB49daFfA,train,2|2,5,2,2
g_UeE-1ghtQ,train,1|2,2,1,2
ga_XczsO4eY,train,2|2,5,2,2
geji1U2YAvg,train,2|2,2,2,2
gfTTzlRNF8s,train,2|2,2,2,2
gggp205gPMI,train,1|2,3,1,2
gipWTZy9mjI,train,1|2,5,1,2
gj3-xvhPeWg,train,1|2,4,1,2
gkKHdsF6du4,train,2|2,3,2,2
gkhbUDIK-YM,train,2|3,2,2,3
gngqDNTAXnI,train,2|2,3,2,2
guthEFaGEiA,train,2|3,1,2,3
h2-_bQdTZYY,train,2|2,2,2,2
h6LOjpCRXtY,train,2|1,4,2,1
hDqsuyVeWmw,train,2|1,5,2,1
hG-pwa191bw,train,1|1,2,1,1
hG0I7DLSSYg,train,2|2,6,2,2
hI-wCYzV8xs,train,2|2,1,2,2
hIFNZ_ycngg,train,1|2,3,1,2
hOXvRgxjfik,train,2|2,4,2,2
hQImLccateA,train,1|2,1,1,2
h_GDQ9_H1es,train,2|2,2,2,2
h_kjgcJ_bqU,train,2|2,5,2,2
hfUH9Am-Izs,train,2|3,1,2,3
hhdzTOyFIo8,train,2|2,3,2,2
hi8A0nUHnL8,train,2|1,1,2,1
hmTY4CubpiE,train,2|2,2,2,2
hmcLIjG-hS8,train,2|2,1,2,2
hmy9XEvT2v4,train,2|2,4,2,2
hnMp0eX28es,train,1|2,2,1,2
hnWMsZEQWt4,train,1|2,5,1,2
hquzfo9MVDo,train,1|2,6,1,2
huIQlWsIEvY,train,1|1,6,1,1
i1gouUmZumY,train,2|2,4,2,2
i3s5XtbhSrE,train,2|2,1,2,2
iFSF6v3xw_k,train,2|2,4,2,2
iOB65zCiOFM,train,1|1,4,1,1
iOv0_RdVPCM,train,1|2,4,1,2
iQvoDdxt06M,train,2|3,5,2,3
iWyAQkMVNfM,train,1|2,3,1,2
iaCYb7um0Lw,train,2|2,1,2,2
ic_LECbCm5M,train,2|2,3,2,2
idsEawKW4X8,train,2|2,4,2,2
ihEFzP5S57g,train,2|2,3,2,2
ihmTGSMvQM4,train,2|2,2,2,2
iiW_nu6JITY,train,2|3,6,2,3
ikCqtEGQbrg,train,2|3,3,2,3
ilOi-sQo9HI,train,2|2,5,2,2
ins5QQc2dR0,train,2|3,2,2,3
io0aNQE8En8,train,1|2,6,1,2
io8dFIfl9Go,train,1|2,1,1,2
ioaBnmfoHgo,train,2|2,2,2,2
ipP--IqIuWU,train,1|2,5,1,2
isqmQc9AfBc,train,1|3,6,1,3
itQ2wSlXqCw,train,2|2,3,2,2
iuiuZuWtEH8,train,2|2,1,2,2
ivpw58MIRtQ,train,1|2,3,1,2
ixPqs7L8oAE,train,2|2,4,2,2
ixkHBIX84SE,train,2|2,1,2,2
iz_eT0DXx3s,train,1|2,1,1,2
izqyworQEEM,train,1|2,3,1,2
j-9NUiMYbos,train,1|1,1,1,1
j-F-t4BS0yM,train,2|3,1,2,3
j1idNSoB7tA,train,2|2,2,2,2
j5fXaXrNPoA,train,2|2,5,2,2
j6d-KRDXnUI,train,2|2,4,2,2
jFx6AEw6viQ,train,1|2,6,1,2
jKHaHWuaU14,train,2|1,5,2,1
jQRFHBVs0dA,train,2|3,3,2,3
jSw-grsJCnE,train,2|2,3,2,2
jTkEWnuDnbA,train,2|2,4,2,2
jVSnAbEGKLM,train,2|2,3,2,2
jZDlFzVUZwY,train,2|2,5,2,2
jZhlaIUFMLc,train,2|2,5,2,2
jaWY130zc1U,train,1|1,1,1,1
jdli4DDP7XM,train,2|2,4,2,2
jgyDXrhO3n4,train,1|2,2,1,2
jjFzwsootdM,train,2|2,2,2,2
jlDYn537Pd0,train,2|2,6,2,2
jlHKgXrxCu8,train,1|2,5,1,2
jmbAPNTJ3Vk,train,2|3,4,2,3
jmuVZ3HBiWA,train,2|3,1,2,3
jnEHHvlBgxE,train,2|2,2,2,2
jolhoLhAurM,train,1|3,5,1,3
jpRnHWTLDUs,train,2|3,4,2,3
jpbz8CA4RvI,train,2|3,2,2,3
jpyU48DzGTY,train,2|2,4,2,2
jrhvXPaXo-0,train,2|2,6,2,2
ju7N5w4XZ4A,train,2|2,2,2,2
jub-AHFTH_g,train,2|3,2,2,3
jvHDFrgu9PA,train,2|2,2,2,2
jwPTGuWAnSI,train,2|2,1,2,2
jwcSbw4NDn0,train,2|2,5,2,2
jxt1W2WRNHQ,train,2|3,6,2,3
k2buv6xZ4_o,train,1|2,6,1,2
k3iu-fhIkeI,train,1|2,3,1,2
k4QmzZuQl9s,train,1|2,4,1,2
kAbMWBsPKR4,train,2|2,2,2,2
kAjPHyfol4w,train,2|2,2,2,2
kDJigDGDJTo,train,1|2,6,1,2
kDXYolv-8p8,train,1|2,4,1,2
kFak4VnRnRM,train,2|3,5,2,3
kHK5PkwJS7Y,train,1|1,1,1,1
kJLeYUobR0M,train,1|3,3,1,3
kKRc2aXzQyM,train,2|2,4,2,2
kN9cs2nFhM4,train,2|3,5,2,3
kN_bFMVnfzY,train,2|2,1,2,2
kPXVZD3ac8s,train,1|2,4,1,2
kSk-rf7a1Ig,train,2|2,6,2,2
kUpkeJDcxaE,train,2|2,6,2,2
kUv0BJQmKq0,train,2|2,4,2,2
kV7MFI2_ddo,train,2|2,6,2,2
kY_4WyAXxrQ,train,2|3,6,2,3
kare8QF7vrE,train,2|2,1,2,2
kcHvO5ins50,train,1|2,2,1,2
kco35S1k5Ks,train,2|2,1,2,2
kdPRPO3wgg0,train,1|2,5,1,2
keGXYAcUXmA,train,2|2,3,2,2
keW8-eSiQ70,train,2|3,4,2,3
khCsAN1Bk_I,train,2|1,4,2,1
kmV6Qtv0amA,train,1|2,3,1,2
knK0zyX8bS4,train,2|2,2,2,2
knpgk7LAMb0,train,1|2,6,1,2
kp3c66Igyr8,train,1|2,4,1,2
kppgmuWEv-A,train,2|2,6,2,2
krTAAqQ8_A8,train,1|2,1,1,2
ksCoS_ghDfM,train,2|2,2,2,2
kwcpINU9LLk,train,1|1,2,1,1
kxJVM1-pYxc,train,2|2,1,2,2
kxlqIrk0WnY,train,1|2,2,1,2
l-WgXcGLdZk,train,2|2,6,2,2
l0qApUuiDjo,train,1|2,2,1,2
l1L61qbiV2U,train,2|2,1,2,2
l2YS_qsF7SQ,train,1|3,1,1,3
l3MXBCviqE8,train,2|2,1,2,2
l3RE0rN7oEg,train,2|1,3,2,1
l7U3YDIOE_s,train,2|2,4,2,2
l8weBJSCHbA,train,2|2,6,2,2
lAy2z5PN80E,train,2|2,2,2,2
lErjGxBb1Bk,train,2|2,6,2,2
lFzrVSbp254,train,1|2,1,1,2
lGIHEaCvWEA,train,2|2,1,2,2
lK1HFH7j93c,train,2|2,2,2,2
lLKwlPLdYig,train,2|3,2,2,3
lLObIVKYDUI,train,2|2,6,2,2
lLhd1Cs3XDU,train,1|2,1,1,2
lNaZ4aJaiBU,train,1|2,1,1,2
lShOveDL2dw,train,1|2,1,1,2
lWz3uSk1qms,train,1|2,1,1,2
laPGbkC87us,train,2|1,1,2,1
ld7mBR4v3yU,train,1|2,3,1,2
ldq15dfuaLg,train,2|2,1,2,2
leslBYwG8kc,train,1|2,2,1,2
lkeXyB-3Gs0,train,2|3,2,2,3
lsVwEApsljU,train,2|2,3,2,2
lsXw8u4QXIU,train,1|2,4,1,2
lvae9lRUugE,train,2|1,4,2,1
lx6A8s_Ega8,train,2|2,3,2,2
lxnV9X8T2Zc,train,1|2,5,1,2
ly_0m16694Q,train,1|2,4,1,2
lyznxF-Pj6g,train,2|2,3,2,2
m-GLU7qAR28,train,2|3,2,2,3
m0iznoJi8hw,train,2|2,5,2,2
m4-vvEeWP8s,train,2|2,3,2,2
m4KKYcD6CZw,train,1|3,2,1,3
m4ZmRZCv6VA,train,2|2,1,2,2
m5kTITzj1bY,train,2|2,5,2,2
m6JOFpKvkE0,train,2|2,3,2,2
mAjagYWuT7A,train,2|2,2,2,2
mBJTwQsDC4M,train,2|2,3,2,2
mEQBB6XsJFk,train,2|2,6,2,2
mGWS0Akp08E,train,2|2,2,2,2
mIxTz3tOgmQ,train,1|2,1,1,2
mK8ebTJyrCI,train,2|2,4,2,2
mKWscEow1U8,train,1|2,5,1,2
mLZw7Hf8AYI,train,1|2,3,1,2
mM6QbrCrdLo,train,2|2,1,2,2
mQTBqDY71dU,train,1|2,1,1,2
mQpNe8f5xA8,train,2|2,4,2,2
mRKGI6hq4UU,train,2|1,2,2,1
mRfkHyx__4w,train,1|2,1,1,2
mXgUV0o6a20,train,1|3,2,1,3
mZ2CHgzwDt0,train,1|2,5,1,2
mZ3vypXAfHg,train,2|2,4,2,2
mZQP06F94u8,train,1|2,4,1,2
mZzWhUI0CP0,train,1|2,5,1,2
m_2k0dL8CRM,train,2|2,2,2,2
maDObxiOQRo,train,1|3,4,1,3
mcxi2vtevb4,train,2|2,1,2,2
me15sHPOjKo,train,1|2,5,1,2
me5UoRny6NU,train,2|3,2,2,3
merppcmY6y0,train,1|2,4,1,2
mfGhtr0zy3k,train,2|2,5,2,2
mhF4kYTlVUE,train,1|2,6,1,2
mkWfG-4vvGc,train,1|2,4,1,2
mlsiYewUwO0,train,2|2,3,2,2
mnRuiwFx_Z8,train,1|2,3,1,2
mpXOSY5dW7c,train,1|2,6,1,2
mq9NNKmKYdk,train,2|2,5,2,2
mqDv8688ztg,train,1|2,2,1,2
muKwyr-hrkc,train,2|2,1,2,2
n1nVCG0zqOI,train,2|2,1,2,2
n2BuwHbdilY,train,2|1,3,2,1
n4NkVZ1_dfk,train,1|2,5,1,2
n5Jeeqfj2_U,train,2|2,3,2,2
n877YOU6Qy0,train,2|2,1,2,2
n8IiQJyqjiE,train,1|2,6,1,2
nBjBfN9SbpM,train,2|2,6,2,2
nCWEEoJfjgE,train,1|2,6,1,2
nCc8XfmSvf8,train,1|3,1,1,3
nDsTSmE73M0,train,2|2,3,2,2
nEm44UpCKmA,train,2|2,5,2,2
nGGtTu6dSJE,train,2|3,1,2,3
nHdhGsdsKPI,train,2|1,1,2,1
nI6qUE8N8hk,train,1|2,1,1,2
nKLhatlbqEw,train,2|2,6,2,2
nLuAoNAOGcQ,train,2|2,3,2,2
nLy7x9kXURM,train,2|2,1,2,2
nOCSTnpB_F4,train,2|2,4,2,2
nUazOUcW_AM,train,2|2,3,2,2
nUbhRInpVbA,train,1|2,5,1,2
nYCuMoC5ibQ,train,2|2,2,2,2
nZC82V87Pm0,train,1|2,5,1,2
nZz1hK90gwA,train,2|1,5,2,1
n_4vw3RKaog,train,1|2,1,1,2
naAGy30bnwA,train,2|2,4,2,2
ndLtwmvPpr8,train,2|2,3,2,2
nfEhF5GBQpo,train,1|2,3,1,2
ngB_cSxOjx0,train,2|2,1,2,2
niWi1hcuSmo,train,1|2,3,1,2
nlIrqbcvqLk,train,1|2,3,1,2
noepjVnUVFY,train,2|2,4,2,2
o-fNF5QVMNo,train,2|2,3,2,2
o1mTIo1vPas,train,2|2,2,2,2
o2iolmvadac,train,1|2,1,1,2
o2lu6rkd5-Y,train,2|3,3,2,3
o2wtRccAgjE,train,1|2,5,1,2
o7J2fWIJndQ,train,1|2,3,1,2
oC-qxnrmJws,train,2|2,6,2,2
oQOvtrP52As,train,2|2,1,2,2
oU7zAWm_01o,train,2|2,6,2,2
oWDh03tstic,train,1|2,1,1,2
oe1PZxExhzc,train,2|2,6,2,2
oe6q_ZByIxQ,train,2|2,1,2,2
og8vtyRh_bc,train,1|3,4,1,3
ogSLrHVeqLI,train,2|2,2,2,2
okdZnQbLnf8,train,2|2,4,2,2
okl467xvgOw,train,2|3,1,2,3
om-9kFEKJIs,train,1|2,3,1,2
omQ5CGXJKS8,train,2|2,2,2,2
omeHsKF7InA,train,2|2,5,2,2
onbyz01BC_Y,train,1|2,2,1,2
opEoJBrcmbI,train,1|2,5,1,2
opqoflph5ZE,train,2|2,3,2,2
opyTSeVCYtE,train,1|2,3,1,2
oqXx6ipHfUE,train,2|2,3,2,2
oq_v2yocx34,train,1|2,2,1,2
orlXEgAepGo,train,2|2,5,2,2
osqQpQsJNPQ,train,2|3,5,2,3
ouYYWCY__5A,train,2|3,6,2,3
outvbZgNX58,train,2|2,5,2,2
owRKOW0ymCM,train,2|2,5,2,2
ox-qZvCLtls,train,1|2,1,1,2
oxw3nT9LSsg,train,2|2,1,2,2
p1ORMiJ0fPU,train,2|3,3,2,3
p1qyJ_mE-2U,train,1|2,1,1,2
p5QXPhJS8Ks,train,1|2,4,1,2
p5v75vAZ7F0,train,1|2,3,1,2
p6UMx8dwHZQ,train,1|3,6,1,3
p6jjj6jn2fM,train,2|3,1,2,3
p7_MVQ3uGJc,train,2|2,1,2,2
p9l1MBw-5ic,train,1|2,1,1,2
pDih4zWqYQw,train,2|2,1,2,2
pDt0F4zFfBs,train,2|2,4,2,2
pEYFpmjwKC0,train,2|2,6,2,2
pEr7WTIPW64,train,2|2,3,2,2
pHCPbKprJGY,train,1|2,3,1,2
pJGLxS81YBc,train,1|2,1,1,2
pKm9lxa4cmg,train,2|2,1,2,2
pOBn7AuGIuI,train,2|1,3,2,1
pPtzEnf5afw,train,2|2,6,2,2
pT8nyxks1Q4,train,1|2,6,1,2
pZxqWp0e-Ik,train,1|2,6,1,2
p_kPnCD7WzU,train,2|3,3,2,3
p_mu11crx-s,train,2|2,2,2,2
phjVMKGYBKs,train,1|2,6,1,2
piNQPNAKzyU,train,1|2,1,1,2
pkwzo1OkEmY,train,2|2,3,2,2
plNPzKp2DFw,train,2|2,1,2,2
pljK0DEusA0,train,1|2,1,1,2
pslp6X3OWy0,train,1|2,1,1,2
puLXzqUvm_U,train,2|2,6,2,2
pvvff396Rqg,train,1|3,5,1,3
pwvQaSwgso8,train,1|2,3,1,2
pzG2VeUbefw,train,2|2,4,2,2
pzfDth6nFQE,train,1|2,6,1,2
qAisk1lgv2I,train,2|2,5,2,2
qD15qWMepxU,train,1|2,2,1,2
qFYgMFMal_s,train,2|2,6,2,2
qJ6_xSx9kCM,train,2|2,2,2,2
qMARpi60Hhs,train,1|2,5,1,2
qP1UtCbMaW4,train,2|3,3,2,3
qP8YzH6LT9c,train,2|3,4,2,3
qPzzmcuf-VI,train,1|2,3,1,2
qRtKUGgULL8,train,2|2,4,2,2
qVcw5-mm31s,train,2|2,6,2,2
qW0TYVtzq5A,train,2|3,5,2,3
qYxxTubipSs,train,2|2,1,2,2
qcq5oIRJFUI,train,2|2,1,2,2
qfL0ml0f84g,train,2|3,3,2,3
qjU3GX3jgSY,train,2|2,5,2,2
qjWi69HY2Fc,train,1|1,3,1,1
qkmEt0ofGq8,train,2|2,5,2,2
qktahyrtrFs,train,1|2,2,1,2
qpwcdPnPeFM,train,1|2,2,1,2
qr1C43Ylavg,train,1|2,3,1,2
qrjx2kxg6M4,train,2|2,1,2,2
qsb1j9bEENs,train,2|1,2,2,1
qyHn_jrNL48,train,2|2,1,2,2
qyzuaettjU8,train,1|2,3,1,2
r1YAW67aevY,train,1|2,6,1,2
r2BoxB3kgYk,train,2|2,5,2,2
r2HcJYjGK5s,train,2|2,6,2,2
r4BGKIXrD9c,train,1|2,4,1,2
r9TaaVTo8Y8,train,2|2,6,2,2
rBxWZzkEncE,train,2|2,4,2,2
rD6NViDdyOU,train,1|2,4,1,2
rGNeR3p1jKU,train,1|2,3,1,2
rIHcq2E67Nc,train,2|2,3,2,2
rIRBEkDhn6Q,train,2|1,5,2,1
rJgbslC72gw,train,2|3,4,2,3
rLEfJzLcVdg,train,1|2,1,1,2
rMFJmA5dRFQ,train,1|2,4,1,2
rT0TqakPrAI,train,2|2,2,2,2
rTG9gtci67c,train,2|2,6,2,2
rUGAiuYHNgE,train,2|2,5,2,2
rV6Vdn-JrTA,train,2|2,1,2,2
rW3hFpfGMHs,train,2|2,2,2,2
rW7b48Dy_80,train,2|2,1,2,2
rWT8N_yjf60,train,1|2,2,1,2
r_cVo5qZ9n0,train,2|2,2,2,2
rag7X1kTyBc,train,2|2,1,2,2
rhKVPhhWHko,train,1|2,1,1,2
rjS0PIwS47M,train,1|3,3,1,3
rrdSLfnU2pg,train,2|3,3,2,3
rwinPicu_aw,train,2|2,5,2,2
rxYWgXYTATs,train,2|2,5,2,2
rzKtAeWgZH0,train,2|2,1,2,2
s0pgZM5G6ds,train,2|3,4,2,3
s1DOqsQoN5s,train,2|2,6,2,2
s3m8DgUi6GM,train,2|2,3,2,2
s6gN_358tk4,train,1|2,3,1,2
s85T4B1ONWE,train,1|2,1,1,2
sDNzrM6N7wA,train,1|2,3,1,2
sDfU1gixDmM,train,1|2,1,1,2
sHafPWyXs6k,train,2|2,2,2,2
sNPK8f4FSfo,train,2|2,1,2,2
sNs4yCA11wk,train,2|2,6,2,2
sOkGz6gEmGk,train,1|2,5,1,2
sR6UEGk-_mE,train,2|2,1,2,2
sTUJhj154Sc,train,2|2,3,2,2
sa1ZACqr15U,train,2|2,1,2,2
saTSCzI1dKo,train,1|2,1,1,2
scifP1EXSdo,train,1|2,4,1,2
sf29orxf4X0,train,2|2,6,2,2
sf8TXpaKnt4,train,1|3,2,1,3
shEsu57CYnA,train,2|2,6,2,2
shV5Fbzn9pw,train,1|2,2,1,2
shtirfEzWFA,train,1|2,6,1,2
siEnTktB4lQ,train,2|2,6,2,2
si_gZCrLa4A,train,1|2,6,1,2
simc6hmrUOE,train,2|3,6,2,3
slE2PWIwzus,train,2|2,3,2,2
sntohi33U5s,train,2|2,6,2,2
spodWGLGBiw,train,2|2,1,2,2
ssxo35zmKWQ,train,1|2,5,1,2
struoSVUsUg,train,1|2,5,1,2
sx57p5HyekI,train,1|2,1,1,2
syJo_sm8IqQ,train,2|2,1,2,2
t0AupkXkkZw,train,2|2,6,2,2
t0_DAgeU4nM,train,1|2,4,1,2
t1PKNXE-IiM,train,2|2,4,2,2
t30ERiF6b50,train,1|2,5,1,2
t899haDGi38,train,1|2,4,1,2
tASMzbFSxsQ,train,2|2,1,2,2
tBQlU4_cIS0,train,2|2,1,2,2
tHYxFw-7po8,train,2|2,1,2,2
tOifNTq8jPw,train,2|2,1,2,2
tPVSlH_VmZk,train,1|2,2,1,2
tS6bRcIIjDc,train,1|2,6,1,2
tTBRJznaNi0,train,1|2,1,1,2
tYpxPqwle5k,train,1|2,5,1,2
tZiRqu8joX8,train,2|2,2,2,2
taSAaWKcmTw,train,1|2,6,1,2
tg0i-zxvQXk,train,2|2,2,2,2
thl4HwoqyrI,train,2|3,1,2,3
tiVKJWLzmk4,train,1|2,6,1,2
tomb22yfjTc,train,1|2,3,1,2
tt-EaApaHx4,train,1|2,2,1,2
tuuQmKxW3iU,train,2|2,1,2,2
tw6lY2ptkvo,train,2|2,1,2,2
twmdh5zdvfg,train,2|2,3,2,2
u0ge93spFvY,train,2|2,1,2,2
u2XbiBuuxyI,train,1|2,1,1,2
u5mRlNCQ0BQ,train,1|2,1,1,2
uDm7iZuX5DQ,train,1|3,5,1,3
uE2U_Y7QrIw,train,1|2,5,1,2
uHrP02iwW1o,train,2|2,3,2,2
uKy7lHuMQ_o,train,2|2,3,2,2
uNJpPYo5Qp4,train,2|2,1,2,2
uRY3aJAaogw,train,1|3,6,1,3
uT-y9m7_-E0,train,2|2,1,2,2
uTluOTPA7e4,train,2|3,5,2,3
uYvDMWWq2Jw,train,1|3,1,1,3
u_OwN18tbCI,train,2|2,1,2,2
u_qvbRpm88k,train,1|2,5,1,2
ua5c716lu5s,train,2|2,6,2,2
uifW-cV-iQo,train,2|2,2,2,2
ujC_Fik6sBE,train,2|2,1,2,2
ukcUhZbkVBI,train,2|2,1,2,2
unfkD5YNaDg,train,2|2,1,2,2
uoLDJJMK5Gw,train,2|2,2,2,2
upgv7xmOb1I,train,2|2,6,2,2
urCVAp964Tc,train,1|2,1,1,2
utv9RBNcL5w,train,2|1,4,2,1
uwUkp63db18,train,1|2,5,1,2
uwYQKM_STCw,train,2|2,4,2,2
v1ScttBOQc8,train,1|2,3,1,2
v5hZeuRW6m0,train,1|2,1,1,2
v68FyWS-Q9s,train,2|2,3,2,2
vAEqpUwBMJQ,train,1|1,5,1,1
vAV6ovUKPDg,train,2|2,2,2,2
vCCRvatOFLA,train,1|3,1,1,3
vCV-5LypZCs,train,1|2,3,1,2
vHn6-GQAI_Y,train,1|2,4,1,2
vIW7gDmhYMk,train,2|2,6,2,2
vMtF0akNUK4,train,1|2,4,1,2
vNEs2yGe77s,train,2|2,3,2,2
vOEQlAMABWM,train,2|2,6,2,2
vQEZ5KF9I4E,train,1|2,4,1,2
vR7YF7Zv5-Q,train,1|2,2,1,2
vUo6wnBOBpo,train,1|3,3,1,3
vYVqhg_VGP8,train,1|2,1,1,2
vZPLbzF0aSg,train,2|2,2,2,2
vhugKRUnd-c,train,1|2,6,1,2
vo-Y5kgSBa8,train,2|2,5,2,2
voB6O-ky9cA,train,1|2,5,1,2
voXr6-ykd1w,train,1|2,3,1,2
vqF65-bFHKM,train,1|1,2,1,1
vr5FWHUkYRM,train,2|2,4,2,2
vxuBHsokOX4,train,1|2,2,1,2
vzttwG7SKZ8,train,2|2,2,2,2
w7O2QJu2Wl4,train,2|2,4,2,2
w989xx44UQI,train,2|2,5,2,2
wBSf7anTC_g,train,1|2,2,1,2
wDvZdcb00Bg,train,1|2,5,1,2
wJl7DbsbrDA,train,2|2,5,2,2
wKBObhJXCSQ,train,2|3,1,2,3
wNH5FmWVr-M,train,1|2,1,1,2
wTo1uZns2X8,train,2|3,6,2,3
wTpb1CfMnVM,train,1|2,1,1,2
wUkdpuWq_Q0,train,2|2,1,2,2
wYZJ2HXfvmQ,train,2|3,5,2,3
wYixHjntI-4,train,2|2,6,2,2
wdeOWVDSeLE,train,2|2,2,2,2
wm94g-5Cg5s,train,1|2,6,1,2
wp59eOvygp0,train,1|2,1,1,2
wr4dP9MuHME,train,2|2,4,2,2
wuTgJGTEK-0,train,2|2,1,2,2
wuhoIm_jPc0,train,1|2,6,1,2
wyq_eWJClSY,train,1|2,2,1,2
x0mD5kr2hu4,train,2|2,4,2,2
x57nEfACdXA,train,2|2,6,2,2
x6Tluj4dJTU,train,1|2,4,1,2
x9FAFeaizu0,train,2|3,2,2,3
xA2OJtxFoeg,train,2|2,2,2,2
xA3GCTL5o-k,train,1|2,1,1,2
xDjhf8wrNWQ,train,1|2,5,1,2
xGo_wImhwkQ,train,1|2,2,1,2
xHb5_bc1JOA,train,2|3,6,2,3
xHsh2Rg5ANU,train,1|2,1,1,2
xLfLuyIQOJE,train,1|2,6,1,2
xP6i_WO1LCM,train,1|2,1,1,2
xQHmbJ_lPjY,train,2|2,5,2,2
xRLaEoXAsjk,train,2|2,1,2,2
xVJDjbiIjTo,train,2|3,5,2,3
xZFZ0Mvjiuo,train,2|1,4,2,1
xbAb00tGeBQ,train,1|2,1,1,2
xcVy0l2nfV0,train,2|3,1,2,3
xe3l76e8yE4,train,2|2,1,2,2
xeE08Vn-HXI,train,2|2,3,2,2
xerGtxpxW6Q,train,1|2,2,1,2
xfLVThCzEEk,train,2|3,2,2,3
xgRqkTXmZko,train,2|2,2,2,2
xgwiqo2AsCA,train,1|2,6,1,2
xmD4FKMq2rk,train,1|2,6,1,2
xmaC2XOhPaE,train,2|3,5,2,3
xpSCu7PgJts,train,1|3,3,1,3
xsDABUrvs6w,train,1|2,6,1,2
xsLvl2qGrxU,train,2|3,6,2,3
xyOq5SL0Evc,train,1|2,5,1,2
xyWpSrfFlQw,train,1|2,1,1,2
xzRYaxrhne8,train,2|2,4,2,2
y--uBBy7ebM,train,2|2,5,2,2
y3_71Wpt9eA,train,2|2,3,2,2
y6LC5kAJmHw,train,2|2,3,2,2
y6sy0HBe-Zs,train,1|2,2,1,2
y7MEVu2nyes,train,1|2,4,1,2
y9nS5DkAInI,train,2|2,1,2,2
yBMuZWldxLk,train,2|2,1,2,2
yBlPsPBRv5E,train,2|2,4,2,2
yEE9FoKWdpU,train,2|2,2,2,2
yEWy_vXTTJU,train,2|3,1,2,3
yEY_2BYZhnQ,train,2|2,2,2,2
yIM5bal1VVs,train,1|3,6,1,3
yOzHZOg95Ug,train,1|2,6,1,2
yRVvI1x2DBI,train,1|2,6,1,2
ySEeioc339E,train,2|2,5,2,2
yUESJPS0wS8,train,2|1,5,2,1
yVSfQZGt1co,train,2|2,4,2,2
ya8Ec_yTai8,train,1|1,3,1,1
yj2Y1Y26rd4,train,2|2,3,2,2
yozI_jvMrTw,train,2|2,2,2,2
yp-tfq1NxBk,train,1|2,3,1,2
yrToGVRf27U,train,2|2,2,2,2
ytSIdQkw3gc,train,1|2,1,1,2
yuE25dFTn2o,train,1|2,2,1,2
yw-2AGeAjFc,train,1|2,1,1,2
ywefrPdzz0U,train,1|2,1,1,2
yzKfXFT5KYU,train,2|2,1,2,2
z-CV743owek,train,2|2,5,2,2
z1q3ktuRdII,train,1|2,2,1,2
z3DO3tdrsnQ,train,2|2,4,2,2
z6E5hLYhaZk,train,2|2,3,2,2
z82YEuBU8mA,train,2|2,1,2,2
zDRQAU7MtjA,train,1|2,1,1,2
zEyRyTnIw5I,train,2|2,3,2,2
zF3Uk2OAJAE,train,2|2,2,2,2
zH9pTx5_ZwY,train,2|2,3,2,2
zJEnT19uoPY,train,1|2,5,1,2
zMXIf66PPhU,train,2|3,4,2,3
zMXfMcqpPwQ,train,2|3,5,2,3
zNmuwZkaeVg,train,1|2,3,1,2
zRiS2gIUc9s,train,2|2,2,2,2
zT_s9X21gAE,train,2|2,5,2,2
zY0J9qKEekE,train,2|2,1,2,2
zeUC7e-4w1E,train,2|2,3,2,2
zrbcY4TMVyc,train,2|2,2,2,2
zvX4fNj0uxk,train,1|2,4,1,2
zwO2zBdbCb4,train,1|2,3,1,2
zyGz_H1UTnQ,train,1|2,6,1,2
-AmMDnVl4s8,val,2|2,2,2,2
-PWjgx2czwY,val,2|2,2,2,2
-awAu11kBZ0,val,2|2,2,2,2
-c2HtptBFxY,val,2|1,1,2,1
-fXqnCljdm0,val,1|3,2,1,3
-lSBwF052u0,val,2|2,1,2,2
-rxiLMvlZqM,val,2|3,1,2,3
01qN-BqJXRM,val,2|2,1,2,2
05l5bteT_qA,val,2|2,4,2,2
0LqfKzp11kg,val,1|2,1,1,2
0MB91ku0eEw,val,1|2,6,1,2
0VnZngec8sc,val,1|2,4,1,2
0a5FOYBAIcc,val,2|3,1,2,3
0gv5Z0qt2jc,val,2|2,6,2,2
0iQIfGnKflc,val,1|2,5,1,2
0kg6pmbSN6A,val,1|2,6,1,2
0mym1CooiTE,val,2|2,6,2,2
0qtCdb23_2g,val,2|2,1,2,2
1-GgVRmAEoo,val,2|2,5,2,2
117jrwvl2Nc,val,2|2,2,2,2
12Hbl_oZF9c,val,1|2,2,1,2
12lqQE6oPNE,val,2|3,3,2,3
186c7kCyCHQ,val,2|2,1,2,2
1CYzbX8AaP8,val,1|2,4,1,2
1Gn4GX8miWQ,val,2|3,6,2,3
1Kb5d-w3YJ8,val,2|2,2,2,2
1YsZ4GPpyBA,val,2|2,2,2,2
1izSTcQI7H4,val,1|2,3,1,2
1mHjMNZZvFo,val,2|2,6,2,2
1mReUxIEuw0,val,2|1,3,2,1
1q-N_zbsAg0,val,2|3,6,2,3
1sjXuXtx9-E,val,2|2,3,2,2
26CMYJn3u6Y,val,2|2,2,2,2
2HE6cw3HFPk,val,2|2,4,2,2
2Lgd2Ye-1L8,val,2|3,1,2,3
2RQGNwx_nlI,val,2|3,1,2,3
2d6btbaNdfo,val,1|2,6,1,2
2mgj9ncREyA,val,1|2,2,1,2
2pNKs0i3YkY,val,1|2,1,1,2
2uAJJH7B5aw,val,1|2,4,1,2
2yUnXroXyeI,val,2|2,3,2,2
383HhOtOBwg,val,2|3,1,2,3
3DURnr95fMg,val,2|2,6,2,2
3LAaFUSGvsU,val,1|2,5,1,2
3RhBqNzCMG8,val,2|2,1,2,2
3S8QUGYVf_w,val,2|2,4,2,2
3Vr5-zedeWk,val,1|2,6,1,2
3WPXm_5f4Lw,val,1|2,1,1,2
3WoXkI06zGk,val,2|2,5,2,2
3ZwXifihvtA,val,1|2,1,1,2
3df_Uk9EmwU,val,2|2,5,2,2
3lV-sr3NOUo,val,2|3,5,2,3
3wRj39GKLJ0,val,2|2,5,2,2
3y3au0hVfm8,val,2|3,1,2,3
40rn4A64Bdk,val,2|2,3,2,2
44rxmXiga90,val,1|2,5,1,2
4CiR99jTzso,val,2|2,2,2,2
4JYmE9a21aI,val,2|2,3,2,2
4V7doeEKsus,val,1|2,2,1,2
4VwcU0ROy5k,val,2|2,5,2,2
4b-LkHBGWp4,val,2|2,1,2,2
521sm7CTyfg,val,1|2,4,1,2
57RdMTGegww,val,1|2,1,1,2
57o4odfqTs8,val,1|2,3,1,2
5IqtX-uq28E,val,1|2,3,1,2
5U0xeSXEZOU,val,2|2,4,2,2
5VG1EgzvprE,val,2|2,4,2,2
5Wmlo8Z5yVA,val,2|3,2,2,3
5kwoq4EZixQ,val,1|3,6,1,3
5lqg3tAI9H0,val,2|2,2,2,2
5xA8-Y5qgT0,val,1|2,6,1,2
6V807Mf_gHM,val,2|2,2,2,2
6h6kk-tPzmE,val,2|3,1,2,3
6nbxAP_ZKQQ,val,2|2,3,2,2
6oL9yyc9iJc,val,2|1,4,2,1
7BgScfRre5M,val,2|2,4,2,2
7FXs86Z98E0,val,1|2,2,1,2
7MwZm3mhSA8,val,2|2,2,2,2
7P2F5Mk_Q1s,val,2|3,3,2,3
7Wr-fwmpRfw,val,1|2,2,1,2
7pLYJKO75_c,val,2|3,3,2,3
8AyIkT2Dg14,val,2|2,1,2,2
8GFElKeREfQ,val,2|2,2,2,2
8HqEniErmmE,val,1|2,1,1,2
8QtlG5ujHyc,val,1|2,4,1,2
8XBprf4NyOg,val,2|2,6,2,2
8YQKwMdiaAE,val,2|2,5,2,2
8Z6PrQdqffA,val,2|2,6,2,2
8c4_VDh2r5s,val,2|2,1,2,2
8e4nnel_x-M,val,1|3,5,1,3
8eeZjC_bmtc,val,2|3,5,2,3
8lg8A_zFOmg,val,2|2,3,2,2
8n6G3V3-Tk8,val,2|2,4,2,2
90p68AEmNMA,val,1|2,2,1,2
98fnGDVky00,val,2|2,6,2,2
99OBSlFjLXI,val,2|2,3,2,2
9Crw2RtrBcY,val,1|2,6,1,2
9FN1KxoTMtQ,val,2|2,1,2,2
9KAqOrdiZ4I,val,2|2,3,2,2
9QGTbcqb2tM,val,1|3,5,1,3
9cWmvIfAAn0,val,1|2,1,1,2
9cxghgS9upg,val,1|2,1,1,2
9hqH1PJ6cG8,val,2|3,1,2,3
9n8dNi-ERQ0,val,2|3,5,2,3
9sfpnlBRCl0,val,1|2,1,1,2
A4zSLp-1gps,val,2|2,4,2,2
A7qb47cmxJo,val,1|2,4,1,2
AWZLchLstio,val,2|2,1,2,2
AZ2HyBOmliQ,val,1|2,2,1,2
AZj2VoCcayA,val,1|2,4,1,2
AheKnXrL0Wk,val,2|2,1,2,2
BLc_GvsbI1U,val,2|2,5,2,2
BLeDNfK2quI,val,1|2,6,1,2
BOOMkDl8JwA,val,2|2,1,2,2
BPUFqFLZgZU,val,2|2,2,2,2
BjQ95T-Dw1U,val,1|2,6,1,2
BkDdtxDPjJA,val,2|2,1,2,2
BlvmREgt2C0,val,2|2,4,2,2
BmDClgdWlH4,val,2|2,5,2,2
Bz3Jx4QL_6Q,val,1|2,6,1,2
C0uc-2KrnnQ,val,2|2,3,2,2
C3knX70mzxQ,val,1|2,3,1,2
C8xZ0vhrrFE,val,2|2,5,2,2
CJhP12Gi8sg,val,1|2,1,1,2
CJjNcuBLjMM,val,2|2,1,2,2
CLGJCzz6tIU,val,2|2,3,2,2
CRLsCyMfskE,val,2|2,6,2,2
Cdh_OCMZ4U8,val,1|2,2,1,2
CfNbSToI21k,val,2|2,2,2,2
Cl7vQ9QR0es,val,1|2,6,1,2
CqQavmWSLrI,val,2|2,6,2,2
CuGuiOZ48Ig,val,1|2,6,1,2
CwmjP27fivQ,val,2|2,2,2,2
DCROfrHI1MU,val,2|2,3,2,2
DChmTb-c9uM,val,2|2,6,2,2
DQORBD8hINs,val,1|2,1,1,2
DSYiLCGNDP0,val,1|2,3,1,2
DXYRJ8PReoE,val,1|2,3,1,2
De4i7-FX9Og,val,2|2,4,2,2
DogbMnh5k0o,val,2|2,2,2,2
EA8BEYAZqAA,val,2|2,4,2,2
EAMHqNxa9yY,val,2|2,3,2,2
EAnvsNi8O-M,val,1|2,2,1,2
EDXQLrsZctw,val,1|2,2,1,2
EDshSjcCsoY,val,1|2,2,1,2
EHPZNxP5mN8,val,2|1,2,2,1
EL1Q7x_1a74,val,1|2,5,1,2
EMqrrHHbP3s,val,2|2,4,2,2
EP2rMX4AQis,val,1|2,1,1,2
EcOC7ZVRSg4,val,2|2,5,2,2
EfQ2eU2MFEc,val,1|2,1,1,2
EffEoI1l1zE,val,1|2,4,1,2
En4aK_1gmlY,val,1|2,1,1,2
Ep2F3e1xiPc,val,2|2,1,2,2
F-Dy1EFm_Mw,val,2|2,2,2,2
F1lAPYh4t3U,val,2|3,3,2,3
F5kL7RWS_f0,val,2|2,5,2,2
FSBBbxNi0iU,val,2|2,4,2,2
Fe9_SVPd_5I,val,1|2,6,1,2
FksSYDfLH04,val,2|3,2,2,3
FoWuHvikyqU,val,2|2,3,2,2
Ft0ahViXZPc,val,1|2,4,1,2
FwjoTGcsFNg,val,2|3,6,2,3
G-25EWOIGNs,val,2|2,6,2,2
GMwEmLo-gfc,val,1|2,4,1,2
Gdrgw7Z6tLg,val,1|2,3,1,2
GkPz3-y6Les,val,1|2,2,1,2
GquB5W7bzFo,val,1|3,2,1,3
Gtq5nfRlRx8,val,2|2,4,2,2
H6s9aFAQP3M,val,2|3,2,2,3
HQDkoaHULbw,val,1|2,1,1,2
HQZD4j8_FR8,val,2|2,2,2,2
HUHFlCs3YJ8,val,1|2,5,1,2
HrddpXxWFns,val,2|2,4,2,2
I01_ubtktEQ,val,2|2,5,2,2
I53JQFtiQxM,val,2|3,3,2,3
IBqmyEhgnHM,val,2|2,1,2,2
IFF47jVKMj8,val,1|2,5,1,2
II2KVV-uLNI,val,2|2,6,2,2
IQNNEfYYYiw,val,2|3,5,2,3
Iy7rcTk7KsQ,val,2|2,1,2,2
IyBCZySg-c4,val,1|2,5,1,2
IzKWDY_QNTU,val,2|2,1,2,2
J0I8JzMR4IE,val,2|2,1,2,2
J4GQm9j0JZ0,val,2|3,5,2,3
J8YpOUmN_aI,val,1|2,6,1,2
JBdLI6AhJrw,val,1|2,3,1,2
JEualxMkaE4,val,1|2,4,1,2
JciLbidX1Q8,val,2|2,2,2,2
Jcw9NZkMn6I,val,1|2,5,1,2
JduPstuHv5A,val,2|1,1,2,1
JmAQlC-FEV8,val,2|2,2,2,2
Jn76eAPxjNA,val,2|2,5,2,2
Jog1-pYOSD0,val,2|3,6,2,3
Jr6GmDtvTK0,val,2|2,2,2,2
K-fMyzPB7FI,val,2|2,1,2,2
K3-YXXLR0Ho,val,1|2,2,1,2
K9h_wA30XgM,val,1|2,5,1,2
KB09jENVJ_0,val,1|3,4,1,3
KIhpjwf5uAA,val,1|2,5,1,2
KO7ZGXwPu-Y,val,2|3,2,2,3
KYkfjIZEScM,val,2|2,4,2,2
KhMsmtSC5Lg,val,2|3,5,2,3
Kv0kZgqZEM0,val,1|2,5,1,2
L4uFD6434Pc,val,1|2,2,1,2
L5kpy0SA7os,val,2|2,6,2,2
L7HDCG2PsII,val,2|2,2,2,2
LKBoLbWHJYI,val,2|2,4,2,2
LLP-oZfo8oE,val,1|2,4,1,2
LSqijVxP0EM,val,2|3,5,2,3
LWylAwr9kJI,val,2|2,3,2,2
Ld8ouPJpdDU,val,2|2,1,2,2
Lk6Ts7y4OPY,val,1|2,1,1,2
LqtBNNM2jIw,val,2|2,1,2,2
M-SuraqmC9s,val,1|2,1,1,2
M0U48Lm33A8,val,1|2,6,1,2
MBgwyWKYWVM,val,2|2,1,2,2
MOobNUpfWiY,val,2|2,6,2,2
MRquWhqw4Jw,val,1|2,3,1,2
MSlMVMM8obY,val,2|2,1,2,2
MZkDsB04kt8,val,2|2,6,2,2
M_OpMKBEOyU,val,2|2,6,2,2
MbunPsukPnQ,val,2|2,2,2,2
Me22JENkhJA,val,1|3,4,1,3
MnARi5OWW9Q,val,2|2,3,2,2
MuYYY3XaJ7Q,val,1|2,6,1,2
N4tuu9aCXkw,val,2|2,3,2,2
N5YT0FFd3-s,val,1|2,4,1,2
NCm736FngNo,val,1|2,1,1,2
NF8nb3SQPNg,val,1|2,2,1,2
NG8qWulkRM4,val,2|2,6,2,2
NI-tZF3gfes,val,2|2,3,2,2
NTSMogqhvBg,val,2|2,3,2,2
NVvKBE5FTMk,val,1|2,5,1,2
O2J_3ScUCUQ,val,2|2,2,2,2
O2wMPdp2-Is,val,2|2,4,2,2
O3_j0d7mq7k,val,2|2,4,2,2
O7ke1Wjb1ZM,val,2|2,2,2,2
OWZ-qVZG14A,val,1|2,5,1,2
OdwK_oMdfSU,val,1|2,6,1,2
Oe7ItP7gS4w,val,1|2,6,1,2
OeT6Skotv7g,val,2|2,1,2,2
OgPC4wnLJR0,val,2|2,6,2,2
OiDyfO2zB7s,val,1|2,3,1,2
Or2_bP4lWYI,val,1|2,6,1,2
Os7L5C-i9Fw,val,1|2,4,1,2
P2B2K7DvUC8,val,2|2,2,2,2
P63CUj9KnSw,val,1|2,4,1,2
PKtzsEqLGx4,val,2|2,6,2,2
PKyqjYem0dY,val,2|2,2,2,2
PRplbrM70sg,val,2|2,4,2,2
PYL8BGJKu20,val,1|2,2,1,2
Pc3NjyhtVd0,val,1|2,1,1,2
PkEzIErhYZ8,val,2|2,1,2,2
Pn_LNsSsm58,val,2|2,4,2,2
Po4UGCJbCbw,val,1|2,5,1,2
PoF3lxFDggQ,val,2|2,3,2,2
Pr7CHWFkWew,val,2|2,1,2,2
Prb5j6jLKBs,val,2|2,1,2,2
Q4z4GRUtccE,val,1|2,6,1,2
Q5h34e5xM0Q,val,2|2,1,2,2
QKluS-uQIaM,val,2|2,1,2,2
QNVsr2mGwGs,val,2|2,5,2,2
QTtTAFqT-no,val,2|2,4,2,2
QdafN9Y_j-Y,val,2|2,4,2,2
Qe7q8SFJ71E,val,1|2,1,1,2
QiPb8vlGDFo,val,2|2,6,2,2
QiR6yJbFCfM,val,1|2,2,1,2
R6NTuhZtOks,val,2|2,4,2,2
RB9vu-0Y_Fk,val,2|2,2,2,2
RF3JnDmv8WY,val,1|2,1,1,2
RGuHfwIRKpA,val,2|2,5,2,2
RHEkTC8UfME,val,2|2,2,2,2
RJe5yobV8n4,val,1|2,1,1,2
RQeoo3idUJc,val,1|2,6,1,2
RWfY3Xk0XPQ,val,1|2,5,1,2
RWhyKkFI3zw,val,2|2,6,2,2
R_LJX7wszPY,val,2|2,1,2,2
RbX4q4KceVk,val,2|2,5,2,2
RgZTZIf8K8g,val,1|2,6,1,2
RrvG7JlKoXM,val,1|2,3,1,2
Rsz-26AaL2o,val,2|2,2,2,2
RthpiC1KtSg,val,1|1,3,1,1
Ry5JJvTfP-8,val,2|2,3,2,2
S0QIXcQGG-g,val,2|2,4,2,2
SI93csgHMTk,val,1|2,3,1,2
SPpox8EGQqU,val,2|3,2,2,3
SUY_HDzgvGA,val,1|2,1,1,2
SgWtBK48AjE,val,2|2,3,2,2
TCzYD74Xqe8,val,1|2,2,1,2
TIRrlL71dEQ,val,1|2,4,1,2
TJD__22fOr0,val,1|2,2,1,2
TTuysItuSdo,val,1|2,1,1,2
TWKKCoT4FTc,val,1|3,1,1,3
TjdXLXsOnkw,val,1|2,1,1,2
Tm44tg1zPwU,val,1|2,2,1,2
TmyDT-HC3qI,val,2|2,2,2,2
TwWDFpN3occ,val,1|2,4,1,2
U2lT_RogJMM,val,2|2,1,2,2
U4tSfXq-neQ,val,2|1,1,2,1
UGn9Q8Fe9jw,val,2|2,1,2,2
UGp1GNK0GWg,val,1|2,3,1,2
UKHSKkb0V1o,val,1|3,3,1,3
UMgeWS5r3IE,val,2|2,1,2,2
USicjVA1trA,val,2|2,4,2,2
UUQQf9N2ce0,val,2|2,1,2,2
Ui1ajQU5Ib8,val,1|2,5,1,2
UjqpaK1HlKI,val,1|2,2,1,2
UrOamWOcOwQ,val,1|2,6,1,2
V9aMA9YLa2k,val,2|2,2,2,2
VRjJxTqOJyo,val,2|1,3,2,1
VXcccqr-IAU,val,1|2,1,1,2
VZ6jhnbk-5g,val,2|2,6,2,2
VjYqagJ4xt8,val,2|2,2,2,2
VmXZ2jMWuvk,val,2|2,6,2,2
VnUkBYQkJms,val,2|2,6,2,2
VsY6jAlvb9o,val,1|2,1,1,2
W0Ay5uul8j0,val,2|2,5,2,2
W2asVll3OSU,val,2|2,1,2,2
W8NkAXNboT0,val,2|2,2,2,2
WER4ww680QQ,val,2|2,3,2,2
WFY3xwXQ0Zw,val,2|2,2,2,2
WZnLayQeIZ0,val,2|3,6,2,3
Wd0V4MNvqcg,val,1|2,3,1,2
WfCSCxADlrg,val,1|2,6,1,2
Wj8ZY5d1lbs,val,2|3,1,2,3
WnmPDmb00Mc,val,1|2,3,1,2
WpMPrPnk1po,val,2|2,1,2,2
X-GXO_urMow,val,2|3,1,2,3
X1EjfXX3NTk,val,1|2,6,1,2
X4NG3EGtUvo,val,2|2,2,2,2
X5aKCrWf6a4,val,2|2,5,2,2
XFpzukISe6s,val,2|2,4,2,2
XNWN7ScxVIA,val,2|2,4,2,2
XPV4pavXh94,val,2|2,3,2,2
Xauhek9-iKA,val,2|2,3,2,2
XfK7WZ3skUM,val,1|2,3,1,2
XkeSLRAftxA,val,2|2,3,2,2
Y6iogSmj6FQ,val,1|1,6,1,1
YNlhBpVk1tw,val,1|2,5,1,2
YOdKAtXbOoQ,val,2|1,1,2,1
YPMffqhP0C8,val,2|2,6,2,2
YQwkdwB9Sxo,val,1|2,1,1,2
YdxS3f4HXaA,val,1|2,5,1,2
YliKljQIX2o,val,2|2,4,2,2
YocrYFLm4CM,val,1|2,5,1,2
YuoLr4xDvbE,val,2|2,6,2,2
YyYDxAyV_Aw,val,2|2,1,2,2
YzcZY1mUZfc,val,2|2,6,2,2
Z6Yb7xE4Jb4,val,2|2,1,2,2
Z9GzSxQHKSI,val,2|1,4,2,1
ZIk7N-xHvF4,val,1|2,4,1,2
ZNRfeL8nPfw,val,2|2,6,2,2
ZX3okNzASCs,val,2|2,2,2,2
ZXeO5dRFrj0,val,2|2,2,2,2
ZaihsIQZCx8,val,2|2,6,2,2
Zb5BstGpJ48,val,1|2,1,1,2
ZkypeQdzgvQ,val,2|2,5,2,2
ZqbJIM7rmO8,val,1|2,6,1,2
_GFregyrwfo,val,1|2,5,1,2
_IQX3zjINy4,val,1|2,1,1,2
_IS6GFmQYj4,val,1|2,6,1,2
_Py_lytyY5A,val,2|3,1,2,3
_Q4wOgixh7E,val,1|2,6,1,2
_ZAqTHlu2ts,val,2|1,6,2,1
_g3M_MoFIvA,val,1|2,6,1,2
a-nUsP7oETI,val,2|2,3,2,2
a38rz5AIslE,val,1|2,6,1,2
aFVFvJNnFt0,val,1|2,6,1,2
aIwWcLojoh0,val,1|2,1,1,2
aLAqJkRWKuk,val,2|2,4,2,2
a_HpQgY5vb4,val,2|2,1,2,2
aaDlp62qn60,val,1|2,2,1,2
adBtc3XrSsg,val,2|2,1,2,2
aqd4_4ga1fQ,val,1|2,5,1,2
ax1Fck6zMzk,val,2|2,2,2,2
b6eoqD1J_qU,val,2|2,6,2,2
bGLwxQ1lonQ,val,2|2,2,2,2
bYXRyimxh7A,val,2|2,6,2,2
be0DQawtVkE,val,1|2,5,1,2
btcCanysQsw,val,1|2,6,1,2
bzFTA6kGyA8,val,1|2,1,1,2
bzIxJ-gtvUw,val,2|2,1,2,2
bzaOB8BoWPU,val,2|2,6,2,2
c2LeNguVNrI,val,2|2,5,2,2
c70zW-HoZUA,val,1|1,2,1,1
c8idT3lRnQ8,val,2|2,1,2,2
cA43Gfcg0QA,val,2|2,5,2,2
cBR5cDwwdno,val,2|2,4,2,2
cQRFb-xa4Vc,val,1|3,5,1,3
cRg95950rAg,val,2|2,1,2,2
cdtZKwM5NIM,val,2|2,3,2,2
ce7t2PgzMGw,val,2|2,1,2,2
cx8IycWgMVs,val,2|1,6,2,1
cxJ0u6r0-pU,val,1|2,6,1,2
dB-kMg4t-V8,val,1|2,3,1,2
dDi6vy-OZRg,val,2|2,4,2,2
dJlEHhyij5k,val,2|2,3,2,2
dNXqs5HNijI,val,1|2,6,1,2
dRP8ZaAryro,val,2|2,6,2,2
dVwDf5N2NRA,val,1|2,5,1,2
djsoQkroHpo,val,1|2,4,1,2
dmycfNpiWCE,val,2|2,6,2,2
dy9EqbKLDP0,val,1|2,4,1,2
eHcRre1YsNA,val,2|3,3,2,3
eIfiusZtXzE,val,1|2,1,1,2
eXtskPoi58A,val,1|2,5,1,2
ej0RpdM9kJA,val,2|1,6,2,1
el2DOd8E5io,val,2|2,2,2,2
f3ZbA4UqGKE,val,2|2,1,2,2
f9GeYKAXgAQ,val,2|2,6,2,2
fLRRMLTFGMQ,val,1|2,4,1,2
fSkQXqXR7D0,val,1|2,6,1,2
fTpemcfElxI,val,1|3,6,1,3
fczufbliJfQ,val,2|2,1,2,2
fiVORaERbP0,val,1|2,6,1,2
fk_ggmC872E,val,2|2,5,2,2
fsCK8Xuzl1Y,val,2|2,4,2,2
fwYZP8qOtC0,val,2|2,1,2,2
fyXiORXmWHs,val,1|2,5,1,2
g7sDGH8APwk,val,1|1,1,1,1
g9zgIN56MnQ,val,2|2,6,2,2
gGyV-rc-sKE,val,2|2,1,2,2
gOS-CneQsxI,val,1|2,2,1,2
geXpIfaFzF4,val,1|2,4,1,2
grhDDOLsBho,val,1|2,6,1,2
gsleSGEZHAs,val,1|2,6,1,2
h-jMFLm6U_Y,val,2|2,2,2,2
h7qbP1GS50U,val,2|2,3,2,2
hM96SfN5_F4,val,1|2,2,1,2
hX2TVefa5bQ,val,2|2,4,2,2
hZIGQXercNA,val,2|2,1,2,2
hd2-msVu9-g,val,1|2,1,1,2
hhdoeK8SsiI,val,1|2,6,1,2
hrat_RJczFM,val,1|2,6,1,2
hsXn0N8bAYs,val,2|1,2,2,1
hspeWl-Bip0,val,2|2,5,2,2
hvGLlMhj7iE,val,2|2,1,2,2
i4IVTm3uvoM,val,1|2,5,1,2
iEgV9E3xm90,val,2|2,1,2,2
iGBVrJMr62U,val,2|2,5,2,2
iGlLSkRAsJc,val,2|2,4,2,2
iJGHwoJKEpA,val,2|3,3,2,3
iL6lNdRS0ZU,val,1|2,3,1,2
iVtaXNWqFac,val,1|2,1,1,2
iW1t-ZiG2rc,val,1|2,3,1,2
iYVJt41_q7M,val,1|2,1,1,2
ihA8DzHWyiU,val,2|2,2,2,2
izq1ogkfedI,val,1|1,2,1,1
j-XUQ3Rmq6w,val,1|2,5,1,2
j6Rvmjjp7pU,val,2|2,2,2,2
j7VLzb0qw8Q,val,1|3,5,1,3
jPpZkVzQywk,val,1|2,5,1,2
joOfhNyKRjE,val,2|2,1,2,2
jq1dLOVUQJA,val,1|2,2,1,2
jrH_Pj-X0fs,val,2|2,1,2,2
jxoOEkSq0uM,val,1|2,2,1,2
jz9kgvYbBYA,val,2|2,2,2,2
k4eeYoHtnnI,val,1|2,6,1,2
kAjvzIWWrWA,val,1|2,6,1,2
kDInh1O8p5w,val,2|2,1,2,2
kDP6_hiBR0o,val,1|2,3,1,2
kPJzHs5jclg,val,1|2,1,1,2
kX-o1qmgWvc,val,1|2,3,1,2
kn6I8LdQFN0,val,2|2,1,2,2
kvNiQ7LVQnY,val,1|2,1,1,2
l3IoZ_QmOQo,val,1|2,5,1,2
lK8qOASUwFE,val,1|2,1,1,2
lNY0BdE4NqY,val,2|2,2,2,2
lkdQjIunxSE,val,2|2,5,2,2
lmz3nj1VLzY,val,2|2,1,2,2
lnawWqnGpMc,val,2|2,6,2,2
luH2RoZW-eY,val,2|2,4,2,2
m0tNIKbEwHE,val,2|2,4,2,2
m3z_a0l0FRk,val,1|3,2,1,3
mBdVuEXRlfQ,val,2|2,4,2,2
mDRMCwSD3Ms,val,1|2,2,1,2
mIQnQ8Nmj-c,val,1|2,4,1,2
mKsGK9nCTxw,val,1|1,3,1,1
mY1ZTvNVkSA,val,1|2,4,1,2
m_9aygJNij8,val,2|2,2,2,2
mfcs3Ta49K8,val,2|2,1,2,2
mflgXFsGU9w,val,1|2,4,1,2
mmTbHy5iftA,val,2|2,1,2,2
modNfUPt3F4,val,1|2,5,1,2
mpk5Ubw2fj8,val,1|2,6,1,2
mrMp9EorOxE,val,2|2,1,2,2
muLgzV1gGao,val,1|2,6,1,2
mwjoabuP-GM,val,1|2,4,1,2
mxLRr3YqgMU,val,1|2,6,1,2
nFP7EEgz0Xg,val,1|2,2,1,2
nGe8dIc-ecc,val,2|2,6,2,2
nKx64KH7Xks,val,2|2,6,2,2
nLB29nx1Jp4,val,2|2,4,2,2
nQtiqrceBhg,val,2|2,4,2,2
nQxTTYWy7pA,val,1|2,2,1,2
nR0h3WFbPfA,val,2|2,6,2,2
ncmnmmmWEpU,val,2|3,4,2,3
nex61B854Ms,val,1|2,5,1,2
nghDz0el8iI,val,2|2,5,2,2
nkmYbzMmrYw,val,2|2,4,2,2
nskJh7v6v1U,val,2|2,3,2,2
o0zIPrIQY4o,val,1|2,1,1,2
o6xswp0D8tc,val,1|3,2,1,3
o7rFDFvW300,val,1|2,2,1,2
oCN_9daCssU,val,1|2,1,1,2
oCb9DK3M1DU,val,1|2,6,1,2
oDOoG0vX-7U,val,2|2,1,2,2
oG84VxrGfj0,val,1|3,3,1,3
oHudDVcT5Lg,val,2|2,3,2,2
oJPdfhG4hT0,val,1|2,3,1,2
oLO05QNhhGg,val,2|2,6,2,2
oVSMxtPpQ0M,val,2|2,4,2,2
oXRhk1PUPcQ,val,1|2,2,1,2
oYhWw97JYyU,val,1|2,3,1,2
p-V78q8dtYo,val,2|2,5,2,2
pOtWKOF07iU,val,2|2,5,2,2
pQy4omHIf7o,val,1|2,6,1,2
p_Z4QGqu4Qo,val,1|2,2,1,2
pnY7YOgdl54,val,1|2,1,1,2
pru5ut4lxkQ,val,1|2,3,1,2
qBG1mjC7Zgg,val,2|3,4,2,3
qBpv0BfiGQk,val,2|3,1,2,3
qLV1a_611kA,val,2|2,4,2,2
qLbOPbx33dk,val,1|2,2,1,2
qVrXROy4Ais,val,2|2,5,2,2
qkx4lCA1iZo,val,1|2,1,1,2
qmiBcHJpKR0,val,1|2,5,1,2
qoZwA4ESb7g,val,1|2,4,1,2
qsd4GdeN_eY,val,2|2,1,2,2
qzwUad9KICA,val,2|2,1,2,2
r93dLeVRk3U,val,1|2,5,1,2
rFs0AC2qV6o,val,2|2,3,2,2
rG8D-A2F8xg,val,1|2,3,1,2
rXoCKj1qwn4,val,2|2,1,2,2
rY_bqkNUp9I,val,2|2,1,2,2
s-jZlMKQGwc,val,1|2,6,1,2
sDWJMBZ1mVA,val,1|2,6,1,2
sIfHl2N8Hkg,val,2|2,1,2,2
sSR1a5XW7n4,val,1|3,6,1,3
sY4urmZmhJA,val,2|2,1,2,2
sa7E6SrSmEs,val,2|2,1,2,2
sduFj_uaZ-w,val,2|2,1,2,2
shAhNNV-zHA,val,2|2,5,2,2
shQmRW4CrGE,val,2|2,2,2,2
sqnW6xXYTKg,val,1|2,6,1,2
squHxV3QXlQ,val,1|2,3,1,2
ssexxLJLuhU,val,2|2,2,2,2
syAUKJMQWeo,val,1|3,1,1,3
t3A2UMN3JeE,val,1|3,3,1,3
t6-ljEWQjW8,val,1|2,5,1,2
tCnfvBwWVKw,val,1|2,5,1,2
tEQEKN07KgQ,val,1|2,6,1,2
tGHOYmQHZUc,val,2|3,1,2,3
tNPLxKC38Xs,val,2|2,4,2,2
teRgvZ63_2I,val,2|1,3,2,1
tepWDnvIuRg,val,1|2,5,1,2
tutTFKP_fdg,val,1|2,2,1,2
twO6ceVTuII,val,1|2,5,1,2
u50B6bIkN9g,val,2|2,5,2,2
u9vOa9GdNcM,val,2|2,1,2,2
uATtAHyVSMM,val,1|2,3,1,2
uEBTnI1zqhs,val,2|2,1,2,2
uMCRfie1lkc,val,1|2,5,1,2
uStuc1OX0f0,val,2|2,4,2,2
uf_sIIw4zxY,val,2|2,6,2,2
vA1ytZ6QR5c,val,2|2,1,2,2
vCY4uvfrWXA,val,2|2,4,2,2
vHc0pnY9BoI,val,2|3,2,2,3
vJnjjy5DZN4,val,2|2,3,2,2
vLAHfIjmRMc,val,1|2,6,1,2
vOxgWKGNEYc,val,1|2,1,1,2
vP6TUda99tc,val,2|2,1,2,2
vUKex2msIEU,val,2|3,3,2,3
vfqYI2QmfeU,val,2|2,1,2,2
voSLxKtKr0Q,val,2|2,6,2,2
vqLtOsoNPnU,val,1|3,6,1,3
vrMlwwTLWIE,val,1|2,1,1,2
vtOEl_Mg0Io,val,1|2,3,1,2
vwY6OhjDjOA,val,2|2,1,2,2
w4cZStXMUII,val,2|2,3,2,2
w7wPDiQkiA4,val,2|2,3,2,2
w_ExyXsnw2A,val,2|2,3,2,2
weggLuKPv0M,val,2|2,1,2,2
wxpXOLNwW1E,val,2|3,2,2,3
x0CZuHnJ0Hs,val,1|2,3,1,2
xEmwNv4OxGE,val,1|2,4,1,2
xUdaVBK1b8w,val,2|2,1,2,2
xX5Imr7UmaA,val,2|3,1,2,3
xfMOELCuN94,val,1|2,3,1,2
xqGyF2T3pso,val,2|2,5,2,2
xrxAyO8pKUo,val,2|2,5,2,2
y-0p6fGXLD0,val,1|2,3,1,2
y0UCXXk9tlM,val,1|2,4,1,2
y4Ej1YSEQf0,val,2|2,3,2,2
y4w-PiVPfjI,val,2|2,1,2,2
yftfxiDNXko,val,1|2,6,1,2
ykm4JTvlOCQ,val,2|2,1,2,2
ymrFbEMNBME,val,2|2,4,2,2
yyqXzlF8Fgc,val,1|2,3,1,2
z0v9LukQRHU,val,1|2,4,1,2
zDSpbDg6WB8,val,2|2,1,2,2
zF46tAI2PQc,val,1|3,2,1,3
zJR7w4DABGU,val,1|3,1,1,3
zNHM8iNyTO4,val,1|2,1,1,2
za14O68VN3E,val,1|2,1,1,2
zqpXz9h41jg,val,2|1,4,2,1
zxuPCshTSOs,val,1|2,3,1,2
